,URL,GameType,Location,Date,Time,WinningTeam,Quarter,SecLeft,AwayTeam,AwayPlay,AwayScore,HomeTeam,HomePlay,HomeScore,Shooter,ShotType,ShotOutcome,ShotDist,Assister,Blocker,FoulType,Fouler,Fouled,Rebounder,ReboundType,ViolationPlayer,ViolationType,TimeoutTeam,FreeThrowShooter,FreeThrowOutcome,FreeThrowNum,EnterGame,LeaveGame,TurnoverPlayer,TurnoverType,TurnoverCause,TurnoverCauser,JumpballAwayPlayer,JumpballHomePlayer,JumpballPoss
403597,/boxscores/201702270CLE.html,regular,Quicken Loans Arena Cleveland Ohio,February 27 2017,7:00 PM,CLE,1,720,MIL,Jump ball: T. Maker vs. T. Thompson (L. James gains possession),0,CLE,,0,,,,,,,,,,,,,,,,,,,,,,,,T. Maker - makerth01,T. Thompson - thomptr01,L. James - jamesle01
403598,/boxscores/201702270CLE.html,regular,Quicken Loans Arena Cleveland Ohio,February 27 2017,7:00 PM,CLE,1,706,MIL,,0,CLE,R. Jefferson misses 2-pt layup from 2 ft (block by T. Maker),0,R. Jefferson - jefferi01,2-pt layup,miss,2.0,,T. Maker - makerth01,,,,,,,,,,,,,,,,,,,,
403599,/boxscores/201702270CLE.html,regular,Quicken Loans Arena Cleveland Ohio,February 27 2017,7:00 PM,CLE,1,703,MIL,,0,CLE,Offensive rebound by R. Jefferson,0,,,,,,,,,,R. Jefferson - jefferi01,offensive,,,,,,,,,,,,,,,
403600,/boxscores/201702270CLE.html,regular,Quicken Loans Arena Cleveland Ohio,February 27 2017,7:00 PM,CLE,1,692,MIL,,0,CLE,K. Irving misses 2-pt jump shot from 13 ft,0,K. Irving - irvinky01,2-pt jump shot,miss,13.0,,,,,,,,,,,,,,,,,,,,,,
403601,/boxscores/201702270CLE.html,regular,Quicken Loans Arena Cleveland Ohio,February 27 2017,7:00 PM,CLE,1,691,MIL,Defensive rebound by M. Beasley,0,CLE,,0,,,,,,,,,,M. Beasley - beaslmi01,defensive,,,,,,,,,,,,,,,
403602,/boxscores/201702270CLE.html,regular,Quicken Loans Arena Cleveland Ohio,February 27 2017,7:00 PM,CLE,1,679,MIL,M. Beasley makes 2-pt jump shot from 7 ft (assist by G. Antetokounmpo),2,CLE,,0,M. Beasley - beaslmi01,2-pt jump shot,make,7.0,G. Antetokounmpo - antetgi01,,,,,,,,,,,,,,,,,,,,,
403603,/boxscores/201702270CLE.html,regular,Quicken Loans Arena Cleveland Ohio,February 27 2017,7:00 PM,CLE,1,656,MIL,,2,CLE,Shooting foul by T. Maker (drawn by R. Jefferson),0,,,,,,,shooting,T. Maker - makerth01,R. Jefferson - jefferi01,,,,,,,,,,,,,,,,,
403604,/boxscores/201702270CLE.html,regular,Quicken Loans Arena Cleveland Ohio,February 27 2017,7:00 PM,CLE,1,656,MIL,,2,CLE,R. Jefferson makes free throw 1 of 2,1,,,,,,,,,,,,,,,R. Jefferson - jefferi01,make,1 of 2,,,,,,,,,
403605,/boxscores/201702270CLE.html,regular,Quicken Loans Arena Cleveland Ohio,February 27 2017,7:00 PM,CLE,1,656,MIL,,2,CLE,R. Jefferson makes free throw 2 of 2,2,,,,,,,,,,,,,,,R. Jefferson - jefferi01,make,2 of 2,,,,,,,,,
403606,/boxscores/201702270CLE.html,regular,Quicken Loans Arena Cleveland Ohio,February 27 2017,7:00 PM,CLE,1,647,MIL,Turnover by T. Maker (bad pass; steal by R. Jefferson),2,CLE,,2,,,,,,,,,,,,,,,,,,,,T. Maker - makerth01,bad pass,steal,R. Jefferson - jefferi01,,,
403607,/boxscores/201702270CLE.html,regular,Quicken Loans Arena Cleveland Ohio,February 27 2017,7:00 PM,CLE,1,641,MIL,,2,CLE,L. James makes 2-pt dunk at rim (assist by R. Jefferson),4,L. James - jamesle01,2-pt dunk,make,0.0,R. Jefferson - jefferi01,,,,,,,,,,,,,,,,,,,,,
403608,/boxscores/201702270CLE.html,regular,Quicken Loans Arena Cleveland Ohio,February 27 2017,7:00 PM,CLE,1,630,MIL,M. Beasley misses 2-pt jump shot from 8 ft,2,CLE,,4,M. Beasley - beaslmi01,2-pt jump shot,miss,8.0,,,,,,,,,,,,,,,,,,,,,,
403609,/boxscores/201702270CLE.html,regular,Quicken Loans Arena Cleveland Ohio,February 27 2017,7:00 PM,CLE,1,629,MIL,,2,CLE,Defensive rebound by L. James,4,,,,,,,,,,L. James - jamesle01,defensive,,,,,,,,,,,,,,,
403610,/boxscores/201702270CLE.html,regular,Quicken Loans Arena Cleveland Ohio,February 27 2017,7:00 PM,CLE,1,623,MIL,,2,CLE,L. James makes 2-pt layup from 2 ft,6,L. James - jamesle01,2-pt layup,make,2.0,,,,,,,,,,,,,,,,,,,,,,
403611,/boxscores/201702270CLE.html,regular,Quicken Loans Arena Cleveland Ohio,February 27 2017,7:00 PM,CLE,1,606,MIL,M. Beasley misses 2-pt jump shot from 8 ft,2,CLE,,6,M. Beasley - beaslmi01,2-pt jump shot,miss,8.0,,,,,,,,,,,,,,,,,,,,,,
403612,/boxscores/201702270CLE.html,regular,Quicken Loans Arena Cleveland Ohio,February 27 2017,7:00 PM,CLE,1,603,MIL,,2,CLE,Defensive rebound by T. Thompson,6,,,,,,,,,,T. Thompson - thomptr01,defensive,,,,,,,,,,,,,,,
403613,/boxscores/201702270CLE.html,regular,Quicken Loans Arena Cleveland Ohio,February 27 2017,7:00 PM,CLE,1,587,MIL,,2,CLE,Personal foul by M. Beasley (drawn by K. Irving),6,,,,,,,personal,M. Beasley - beaslmi01,K. Irving - irvinky01,,,,,,,,,,,,,,,,,
403614,/boxscores/201702270CLE.html,regular,Quicken Loans Arena Cleveland Ohio,February 27 2017,7:00 PM,CLE,1,579,MIL,,2,CLE,Shooting foul by T. Maker (drawn by R. Jefferson),6,,,,,,,shooting,T. Maker - makerth01,R. Jefferson - jefferi01,,,,,,,,,,,,,,,,,
403615,/boxscores/201702270CLE.html,regular,Quicken Loans Arena Cleveland Ohio,February 27 2017,7:00 PM,CLE,1,579,MIL,,2,CLE,R. Jefferson makes free throw 1 of 2,7,,,,,,,,,,,,,,,R. Jefferson - jefferi01,make,1 of 2,,,,,,,,,
403616,/boxscores/201702270CLE.html,regular,Quicken Loans Arena Cleveland Ohio,February 27 2017,7:00 PM,CLE,1,579,MIL,G. Monroe enters the game for T. Maker,2,CLE,,7,,,,,,,,,,,,,,,,,,G. Monroe - monrogr01,T. Maker - makerth01,,,,,,,
403617,/boxscores/201702270CLE.html,regular,Quicken Loans Arena Cleveland Ohio,February 27 2017,7:00 PM,CLE,1,579,MIL,,2,CLE,R. Jefferson makes free throw 2 of 2,8,,,,,,,,,,,,,,,R. Jefferson - jefferi01,make,2 of 2,,,,,,,,,
403618,/boxscores/201702270CLE.html,regular,Quicken Loans Arena Cleveland Ohio,February 27 2017,7:00 PM,CLE,1,567,MIL,G. Antetokounmpo misses 2-pt jump shot from 18 ft,2,CLE,,8,G. Antetokounmpo - antetgi01,2-pt jump shot,miss,18.0,,,,,,,,,,,,,,,,,,,,,,
403619,/boxscores/201702270CLE.html,regular,Quicken Loans Arena Cleveland Ohio,February 27 2017,7:00 PM,CLE,1,566,MIL,Offensive rebound by Team,2,CLE,,8,,,,,,,,,,Team,offensive,,,,,,,,,,,,,,,
403620,/boxscores/201702270CLE.html,regular,Quicken Loans Arena Cleveland Ohio,February 27 2017,7:00 PM,CLE,1,557,MIL,M. Beasley makes 2-pt jump shot from 12 ft (assist by G. Monroe),4,CLE,,8,M. Beasley - beaslmi01,2-pt jump shot,make,12.0,G. Monroe - monrogr01,,,,,,,,,,,,,,,,,,,,,
403621,/boxscores/201702270CLE.html,regular,Quicken Loans Arena Cleveland Ohio,February 27 2017,7:00 PM,CLE,1,541,MIL,,4,CLE,Turnover by R. Jefferson (traveling),8,,,,,,,,,,,,,,,,,,,,R. Jefferson - jefferi01,traveling,,,,,
403622,/boxscores/201702270CLE.html,regular,Quicken Loans Arena Cleveland Ohio,February 27 2017,7:00 PM,CLE,1,517,MIL,M. Dellavedova misses 3-pt jump shot from 25 ft,4,CLE,,8,M. Dellavedova - dellama01,3-pt jump shot,miss,25.0,,,,,,,,,,,,,,,,,,,,,,
403623,/boxscores/201702270CLE.html,regular,Quicken Loans Arena Cleveland Ohio,February 27 2017,7:00 PM,CLE,1,517,MIL,,4,CLE,Defensive rebound by I. Shumpert,8,,,,,,,,,,I. Shumpert - shumpim01,defensive,,,,,,,,,,,,,,,
403624,/boxscores/201702270CLE.html,regular,Quicken Loans Arena Cleveland Ohio,February 27 2017,7:00 PM,CLE,1,504,MIL,,4,CLE,R. Jefferson makes 3-pt jump shot from 26 ft (assist by K. Irving),11,R. Jefferson - jefferi01,3-pt jump shot,make,26.0,K. Irving - irvinky01,,,,,,,,,,,,,,,,,,,,,
403625,/boxscores/201702270CLE.html,regular,Quicken Loans Arena Cleveland Ohio,February 27 2017,7:00 PM,CLE,1,484,MIL,M. Beasley misses 2-pt jump shot from 9 ft,4,CLE,,11,M. Beasley - beaslmi01,2-pt jump shot,miss,9.0,,,,,,,,,,,,,,,,,,,,,,
403626,/boxscores/201702270CLE.html,regular,Quicken Loans Arena Cleveland Ohio,February 27 2017,7:00 PM,CLE,1,482,MIL,,4,CLE,Defensive rebound by L. James,11,,,,,,,,,,L. James - jamesle01,defensive,,,,,,,,,,,,,,,
403627,/boxscores/201702270CLE.html,regular,Quicken Loans Arena Cleveland Ohio,February 27 2017,7:00 PM,CLE,1,479,MIL,,4,CLE,Turnover by L. James (lost ball),11,,,,,,,,,,,,,,,,,,,,L. James - jamesle01,lost ball,,,,,
403628,/boxscores/201702270CLE.html,regular,Quicken Loans Arena Cleveland Ohio,February 27 2017,7:00 PM,CLE,1,466,MIL,G. Antetokounmpo misses 2-pt layup at rim,4,CLE,,11,G. Antetokounmpo - antetgi01,2-pt layup,miss,0.0,,,,,,,,,,,,,,,,,,,,,,
403629,/boxscores/201702270CLE.html,regular,Quicken Loans Arena Cleveland Ohio,February 27 2017,7:00 PM,CLE,1,464,MIL,,4,CLE,Defensive rebound by L. James,11,,,,,,,,,,L. James - jamesle01,defensive,,,,,,,,,,,,,,,
403630,/boxscores/201702270CLE.html,regular,Quicken Loans Arena Cleveland Ohio,February 27 2017,7:00 PM,CLE,1,462,MIL,,4,CLE,K. Irving misses 2-pt layup from 1 ft (block by G. Antetokounmpo),11,K. Irving - irvinky01,2-pt layup,miss,1.0,,G. Antetokounmpo - antetgi01,,,,,,,,,,,,,,,,,,,,
403631,/boxscores/201702270CLE.html,regular,Quicken Loans Arena Cleveland Ohio,February 27 2017,7:00 PM,CLE,1,462,MIL,,4,CLE,Offensive rebound by Team,11,,,,,,,,,,Team,offensive,,,,,,,,,,,,,,,
403632,/boxscores/201702270CLE.html,regular,Quicken Loans Arena Cleveland Ohio,February 27 2017,7:00 PM,CLE,1,458,MIL,,4,CLE,R. Jefferson misses 3-pt jump shot from 25 ft,11,R. Jefferson - jefferi01,3-pt jump shot,miss,25.0,,,,,,,,,,,,,,,,,,,,,,
403633,/boxscores/201702270CLE.html,regular,Quicken Loans Arena Cleveland Ohio,February 27 2017,7:00 PM,CLE,1,458,MIL,Defensive rebound by M. Beasley,4,CLE,,11,,,,,,,,,,M. Beasley - beaslmi01,defensive,,,,,,,,,,,,,,,
403634,/boxscores/201702270CLE.html,regular,Quicken Loans Arena Cleveland Ohio,February 27 2017,7:00 PM,CLE,1,446,MIL,G. Monroe misses 2-pt hook shot from 6 ft,4,CLE,,11,G. Monroe - monrogr01,2-pt hook shot,miss,6.0,,,,,,,,,,,,,,,,,,,,,,
403635,/boxscores/201702270CLE.html,regular,Quicken Loans Arena Cleveland Ohio,February 27 2017,7:00 PM,CLE,1,445,MIL,Offensive rebound by G. Monroe,4,CLE,,11,,,,,,,,,,G. Monroe - monrogr01,offensive,,,,,,,,,,,,,,,
403636,/boxscores/201702270CLE.html,regular,Quicken Loans Arena Cleveland Ohio,February 27 2017,7:00 PM,CLE,1,443,MIL,G. Monroe makes 2-pt layup from 2 ft,6,CLE,,11,G. Monroe - monrogr01,2-pt layup,make,2.0,,,,,,,,,,,,,,,,,,,,,,
403637,/boxscores/201702270CLE.html,regular,Quicken Loans Arena Cleveland Ohio,February 27 2017,7:00 PM,CLE,1,426,MIL,,6,CLE,L. James makes 2-pt jump shot from 5 ft,13,L. James - jamesle01,2-pt jump shot,make,5.0,,,,,,,,,,,,,,,,,,,,,,
403638,/boxscores/201702270CLE.html,regular,Quicken Loans Arena Cleveland Ohio,February 27 2017,7:00 PM,CLE,1,426,MIL,,6,CLE,Shooting foul by G. Monroe (drawn by L. James),13,,,,,,,shooting,G. Monroe - monrogr01,L. James - jamesle01,,,,,,,,,,,,,,,,,
403639,/boxscores/201702270CLE.html,regular,Quicken Loans Arena Cleveland Ohio,February 27 2017,7:00 PM,CLE,1,426,MIL,,6,CLE,L. James misses free throw 1 of 1,13,,,,,,,,,,,,,,,L. James - jamesle01,miss,1 of 1,,,,,,,,,
403640,/boxscores/201702270CLE.html,regular,Quicken Loans Arena Cleveland Ohio,February 27 2017,7:00 PM,CLE,1,425,MIL,Defensive rebound by T. Snell,6,CLE,,13,,,,,,,,,,T. Snell - snellto01,defensive,,,,,,,,,,,,,,,
403641,/boxscores/201702270CLE.html,regular,Quicken Loans Arena Cleveland Ohio,February 27 2017,7:00 PM,CLE,1,412,MIL,G. Monroe misses 2-pt jump shot from 18 ft,6,CLE,,13,G. Monroe - monrogr01,2-pt jump shot,miss,18.0,,,,,,,,,,,,,,,,,,,,,,
403642,/boxscores/201702270CLE.html,regular,Quicken Loans Arena Cleveland Ohio,February 27 2017,7:00 PM,CLE,1,412,MIL,,6,CLE,Defensive rebound by I. Shumpert,13,,,,,,,,,,I. Shumpert - shumpim01,defensive,,,,,,,,,,,,,,,
403643,/boxscores/201702270CLE.html,regular,Quicken Loans Arena Cleveland Ohio,February 27 2017,7:00 PM,CLE,1,402,MIL,,6,CLE,R. Jefferson makes 2-pt dunk at rim (assist by K. Irving),15,R. Jefferson - jefferi01,2-pt dunk,make,0.0,K. Irving - irvinky01,,,,,,,,,,,,,,,,,,,,,
403644,/boxscores/201702270CLE.html,regular,Quicken Loans Arena Cleveland Ohio,February 27 2017,7:00 PM,CLE,1,402,MIL,Milwaukee full timeout,6,CLE,,15,,,,,,,,,,,,,,MIL,,,,,,,,,,,,
403645,/boxscores/201702270CLE.html,regular,Quicken Loans Arena Cleveland Ohio,February 27 2017,7:00 PM,CLE,1,402,MIL,J. Terry enters the game for M. Beasley,6,CLE,,15,,,,,,,,,,,,,,,,,,J. Terry - terryja01,M. Beasley - beaslmi01,,,,,,,
403646,/boxscores/201702270CLE.html,regular,Quicken Loans Arena Cleveland Ohio,February 27 2017,7:00 PM,CLE,1,386,MIL,T. Snell misses 3-pt jump shot from 26 ft,6,CLE,,15,T. Snell - snellto01,3-pt jump shot,miss,26.0,,,,,,,,,,,,,,,,,,,,,,
403647,/boxscores/201702270CLE.html,regular,Quicken Loans Arena Cleveland Ohio,February 27 2017,7:00 PM,CLE,1,386,MIL,,6,CLE,Defensive rebound by K. Irving,15,,,,,,,,,,K. Irving - irvinky01,defensive,,,,,,,,,,,,,,,
403648,/boxscores/201702270CLE.html,regular,Quicken Loans Arena Cleveland Ohio,February 27 2017,7:00 PM,CLE,1,376,MIL,Offensive charge foul by R. Jefferson (drawn by G. Monroe),6,CLE,,15,,,,,,,offensive charge,R. Jefferson - jefferi01,G. Monroe - monrogr01,,,,,,,,,,,,,,,,,
403649,/boxscores/201702270CLE.html,regular,Quicken Loans Arena Cleveland Ohio,February 27 2017,7:00 PM,CLE,1,376,MIL,,6,CLE,Turnover by R. Jefferson (offensive foul),15,,,,,,,,,,,,,,,,,,,,R. Jefferson - jefferi01,offensive foul,,,,,
403650,/boxscores/201702270CLE.html,regular,Quicken Loans Arena Cleveland Ohio,February 27 2017,7:00 PM,CLE,1,356,MIL,G. Antetokounmpo misses 2-pt jump shot from 12 ft,6,CLE,,15,G. Antetokounmpo - antetgi01,2-pt jump shot,miss,12.0,,,,,,,,,,,,,,,,,,,,,,
403651,/boxscores/201702270CLE.html,regular,Quicken Loans Arena Cleveland Ohio,February 27 2017,7:00 PM,CLE,1,353,MIL,,6,CLE,Defensive rebound by L. James,15,,,,,,,,,,L. James - jamesle01,defensive,,,,,,,,,,,,,,,
403652,/boxscores/201702270CLE.html,regular,Quicken Loans Arena Cleveland Ohio,February 27 2017,7:00 PM,CLE,1,348,MIL,,6,CLE,I. Shumpert misses 3-pt jump shot from 24 ft,15,I. Shumpert - shumpim01,3-pt jump shot,miss,24.0,,,,,,,,,,,,,,,,,,,,,,
403653,/boxscores/201702270CLE.html,regular,Quicken Loans Arena Cleveland Ohio,February 27 2017,7:00 PM,CLE,1,347,MIL,Defensive rebound by J. Terry,6,CLE,,15,,,,,,,,,,J. Terry - terryja01,defensive,,,,,,,,,,,,,,,
403654,/boxscores/201702270CLE.html,regular,Quicken Loans Arena Cleveland Ohio,February 27 2017,7:00 PM,CLE,1,334,MIL,M. Dellavedova misses 3-pt jump shot from 24 ft,6,CLE,,15,M. Dellavedova - dellama01,3-pt jump shot,miss,24.0,,,,,,,,,,,,,,,,,,,,,,
403655,/boxscores/201702270CLE.html,regular,Quicken Loans Arena Cleveland Ohio,February 27 2017,7:00 PM,CLE,1,331,MIL,,6,CLE,Defensive rebound by R. Jefferson,15,,,,,,,,,,R. Jefferson - jefferi01,defensive,,,,,,,,,,,,,,,
403656,/boxscores/201702270CLE.html,regular,Quicken Loans Arena Cleveland Ohio,February 27 2017,7:00 PM,CLE,1,322,MIL,,6,CLE,K. Irving makes 2-pt jump shot from 7 ft,17,K. Irving - irvinky01,2-pt jump shot,make,7.0,,,,,,,,,,,,,,,,,,,,,,
403657,/boxscores/201702270CLE.html,regular,Quicken Loans Arena Cleveland Ohio,February 27 2017,7:00 PM,CLE,1,302,MIL,M. Dellavedova misses 2-pt jump shot from 8 ft,6,CLE,,17,M. Dellavedova - dellama01,2-pt jump shot,miss,8.0,,,,,,,,,,,,,,,,,,,,,,
403658,/boxscores/201702270CLE.html,regular,Quicken Loans Arena Cleveland Ohio,February 27 2017,7:00 PM,CLE,1,299,MIL,Offensive rebound by G. Monroe,6,CLE,,17,,,,,,,,,,G. Monroe - monrogr01,offensive,,,,,,,,,,,,,,,
403659,/boxscores/201702270CLE.html,regular,Quicken Loans Arena Cleveland Ohio,February 27 2017,7:00 PM,CLE,1,296,MIL,G. Monroe makes 2-pt layup from 1 ft,8,CLE,,17,G. Monroe - monrogr01,2-pt layup,make,1.0,,,,,,,,,,,,,,,,,,,,,,
403660,/boxscores/201702270CLE.html,regular,Quicken Loans Arena Cleveland Ohio,February 27 2017,7:00 PM,CLE,1,285,MIL,,8,CLE,Turnover by T. Thompson (traveling),17,,,,,,,,,,,,,,,,,,,,T. Thompson - thomptr01,traveling,,,,,
403661,/boxscores/201702270CLE.html,regular,Quicken Loans Arena Cleveland Ohio,February 27 2017,7:00 PM,CLE,1,258,MIL,J. Terry makes 2-pt jump shot from 19 ft (assist by G. Antetokounmpo),10,CLE,,17,J. Terry - terryja01,2-pt jump shot,make,19.0,G. Antetokounmpo - antetgi01,,,,,,,,,,,,,,,,,,,,,
403662,/boxscores/201702270CLE.html,regular,Quicken Loans Arena Cleveland Ohio,February 27 2017,7:00 PM,CLE,1,245,MIL,,10,CLE,Shooting block foul by J. Terry (drawn by T. Thompson),17,,,,,,,shooting block,J. Terry - terryja01,T. Thompson - thomptr01,,,,,,,,,,,,,,,,,
403663,/boxscores/201702270CLE.html,regular,Quicken Loans Arena Cleveland Ohio,February 27 2017,7:00 PM,CLE,1,245,MIL,,10,CLE,T. Thompson makes free throw 1 of 2,18,,,,,,,,,,,,,,,T. Thompson - thomptr01,make,1 of 2,,,,,,,,,
403664,/boxscores/201702270CLE.html,regular,Quicken Loans Arena Cleveland Ohio,February 27 2017,7:00 PM,CLE,1,245,MIL,,10,CLE,T. Thompson misses free throw 2 of 2,18,,,,,,,,,,,,,,,T. Thompson - thomptr01,miss,2 of 2,,,,,,,,,
403665,/boxscores/201702270CLE.html,regular,Quicken Loans Arena Cleveland Ohio,February 27 2017,7:00 PM,CLE,1,245,MIL,M. Brogdon enters the game for M. Dellavedova,10,CLE,,18,,,,,,,,,,,,,,,,,,M. Brogdon - brogdma01,M. Dellavedova - dellama01,,,,,,,
403666,/boxscores/201702270CLE.html,regular,Quicken Loans Arena Cleveland Ohio,February 27 2017,7:00 PM,CLE,1,244,MIL,Defensive rebound by G. Antetokounmpo,10,CLE,,18,,,,,,,,,,G. Antetokounmpo - antetgi01,defensive,,,,,,,,,,,,,,,
403667,/boxscores/201702270CLE.html,regular,Quicken Loans Arena Cleveland Ohio,February 27 2017,7:00 PM,CLE,1,229,MIL,G. Monroe makes 2-pt layup from 2 ft (assist by G. Antetokounmpo),12,CLE,,18,G. Monroe - monrogr01,2-pt layup,make,2.0,G. Antetokounmpo - antetgi01,,,,,,,,,,,,,,,,,,,,,
403668,/boxscores/201702270CLE.html,regular,Quicken Loans Arena Cleveland Ohio,February 27 2017,7:00 PM,CLE,1,225,MIL,,12,CLE,Turnover by R. Jefferson (lost ball),18,,,,,,,,,,,,,,,,,,,,R. Jefferson - jefferi01,lost ball,,,,,
403669,/boxscores/201702270CLE.html,regular,Quicken Loans Arena Cleveland Ohio,February 27 2017,7:00 PM,CLE,1,212,MIL,G. Antetokounmpo makes 2-pt jump shot from 4 ft,14,CLE,,18,G. Antetokounmpo - antetgi01,2-pt jump shot,make,4.0,,,,,,,,,,,,,,,,,,,,,,
403670,/boxscores/201702270CLE.html,regular,Quicken Loans Arena Cleveland Ohio,February 27 2017,7:00 PM,CLE,1,201,MIL,,14,CLE,K. Irving makes 2-pt jump shot from 7 ft,20,K. Irving - irvinky01,2-pt jump shot,make,7.0,,,,,,,,,,,,,,,,,,,,,,
403671,/boxscores/201702270CLE.html,regular,Quicken Loans Arena Cleveland Ohio,February 27 2017,7:00 PM,CLE,1,192,MIL,T. Snell makes 3-pt jump shot from 26 ft (assist by G. Antetokounmpo),17,CLE,,20,T. Snell - snellto01,3-pt jump shot,make,26.0,G. Antetokounmpo - antetgi01,,,,,,,,,,,,,,,,,,,,,
403672,/boxscores/201702270CLE.html,regular,Quicken Loans Arena Cleveland Ohio,February 27 2017,7:00 PM,CLE,1,192,MIL,,17,CLE,Cleveland full timeout,20,,,,,,,,,,,,,,CLE,,,,,,,,,,,,
403673,/boxscores/201702270CLE.html,regular,Quicken Loans Arena Cleveland Ohio,February 27 2017,7:00 PM,CLE,1,192,MIL,,17,CLE,D. Williams enters the game for L. James,20,,,,,,,,,,,,,,,,,,D. Williams - willide02,L. James - jamesle01,,,,,,,
403674,/boxscores/201702270CLE.html,regular,Quicken Loans Arena Cleveland Ohio,February 27 2017,7:00 PM,CLE,1,192,MIL,,17,CLE,K. Korver enters the game for R. Jefferson,20,,,,,,,,,,,,,,,,,,K. Korver - korveky01,R. Jefferson - jefferi01,,,,,,,
403675,/boxscores/201702270CLE.html,regular,Quicken Loans Arena Cleveland Ohio,February 27 2017,7:00 PM,CLE,1,176,MIL,,17,CLE,K. Korver misses 3-pt jump shot from 23 ft,20,K. Korver - korveky01,3-pt jump shot,miss,23.0,,,,,,,,,,,,,,,,,,,,,,
403676,/boxscores/201702270CLE.html,regular,Quicken Loans Arena Cleveland Ohio,February 27 2017,7:00 PM,CLE,1,176,MIL,Defensive rebound by G. Antetokounmpo,17,CLE,,20,,,,,,,,,,G. Antetokounmpo - antetgi01,defensive,,,,,,,,,,,,,,,
403677,/boxscores/201702270CLE.html,regular,Quicken Loans Arena Cleveland Ohio,February 27 2017,7:00 PM,CLE,1,165,MIL,G. Antetokounmpo makes 2-pt dunk at rim,19,CLE,,20,G. Antetokounmpo - antetgi01,2-pt dunk,make,0.0,,,,,,,,,,,,,,,,,,,,,,
403678,/boxscores/201702270CLE.html,regular,Quicken Loans Arena Cleveland Ohio,February 27 2017,7:00 PM,CLE,1,147,MIL,,19,CLE,Turnover by K. Irving (bad pass; steal by T. Snell),20,,,,,,,,,,,,,,,,,,,,K. Irving - irvinky01,bad pass,steal,T. Snell - snellto01,,,
403679,/boxscores/201702270CLE.html,regular,Quicken Loans Arena Cleveland Ohio,February 27 2017,7:00 PM,CLE,1,131,MIL,M. Brogdon makes 2-pt layup from 2 ft (assist by G. Monroe),21,CLE,,20,M. Brogdon - brogdma01,2-pt layup,make,2.0,G. Monroe - monrogr01,,,,,,,,,,,,,,,,,,,,,
403680,/boxscores/201702270CLE.html,regular,Quicken Loans Arena Cleveland Ohio,February 27 2017,7:00 PM,CLE,1,111,MIL,,21,CLE,Def 3 sec tech foul by G. Antetokounmpo,20,,,,,,,def 3 sec tech,G. Antetokounmpo - antetgi01,,,,,,,,,,,,,,,,,,
403681,/boxscores/201702270CLE.html,regular,Quicken Loans Arena Cleveland Ohio,February 27 2017,7:00 PM,CLE,1,111,MIL,,21,CLE,K. Irving makes technical free throw,21,,,,,,,,,,,,,,,K. Irving - irvinky01,make,technical,,,,,,,,,
403682,/boxscores/201702270CLE.html,regular,Quicken Loans Arena Cleveland Ohio,February 27 2017,7:00 PM,CLE,1,104,MIL,,21,CLE,K. Irving makes 2-pt jump shot from 12 ft,23,K. Irving - irvinky01,2-pt jump shot,make,12.0,,,,,,,,,,,,,,,,,,,,,,
403683,/boxscores/201702270CLE.html,regular,Quicken Loans Arena Cleveland Ohio,February 27 2017,7:00 PM,CLE,1,86,MIL,G. Antetokounmpo misses 2-pt jump shot from 11 ft,21,CLE,,23,G. Antetokounmpo - antetgi01,2-pt jump shot,miss,11.0,,,,,,,,,,,,,,,,,,,,,,
403684,/boxscores/201702270CLE.html,regular,Quicken Loans Arena Cleveland Ohio,February 27 2017,7:00 PM,CLE,1,85,MIL,,21,CLE,Defensive rebound by I. Shumpert,23,,,,,,,,,,I. Shumpert - shumpim01,defensive,,,,,,,,,,,,,,,
403685,/boxscores/201702270CLE.html,regular,Quicken Loans Arena Cleveland Ohio,February 27 2017,7:00 PM,CLE,1,80,MIL,,21,CLE,K. Irving misses 3-pt jump shot from 27 ft (block by T. Snell),23,K. Irving - irvinky01,3-pt jump shot,miss,27.0,,T. Snell - snellto01,,,,,,,,,,,,,,,,,,,,
403686,/boxscores/201702270CLE.html,regular,Quicken Loans Arena Cleveland Ohio,February 27 2017,7:00 PM,CLE,1,79,MIL,Defensive rebound by G. Antetokounmpo,21,CLE,,23,,,,,,,,,,G. Antetokounmpo - antetgi01,defensive,,,,,,,,,,,,,,,
403687,/boxscores/201702270CLE.html,regular,Quicken Loans Arena Cleveland Ohio,February 27 2017,7:00 PM,CLE,1,71,MIL,T. Snell misses 3-pt jump shot from 25 ft,21,CLE,,23,T. Snell - snellto01,3-pt jump shot,miss,25.0,,,,,,,,,,,,,,,,,,,,,,
403688,/boxscores/201702270CLE.html,regular,Quicken Loans Arena Cleveland Ohio,February 27 2017,7:00 PM,CLE,1,70,MIL,,21,CLE,Defensive rebound by T. Thompson,23,,,,,,,,,,T. Thompson - thomptr01,defensive,,,,,,,,,,,,,,,
403689,/boxscores/201702270CLE.html,regular,Quicken Loans Arena Cleveland Ohio,February 27 2017,7:00 PM,CLE,1,66,MIL,,21,CLE,Turnover by D. Williams (palming),23,,,,,,,,,,,,,,,,,,,,D. Williams - willide02,palming,,,,,
403690,/boxscores/201702270CLE.html,regular,Quicken Loans Arena Cleveland Ohio,February 27 2017,7:00 PM,CLE,1,51,MIL,Milwaukee full timeout,21,CLE,,23,,,,,,,,,,,,,,MIL,,,,,,,,,,,,
403691,/boxscores/201702270CLE.html,regular,Quicken Loans Arena Cleveland Ohio,February 27 2017,7:00 PM,CLE,1,48,MIL,M. Brogdon makes 2-pt jump shot from 21 ft (assist by G. Monroe),23,CLE,,23,M. Brogdon - brogdma01,2-pt jump shot,make,21.0,G. Monroe - monrogr01,,,,,,,,,,,,,,,,,,,,,
403692,/boxscores/201702270CLE.html,regular,Quicken Loans Arena Cleveland Ohio,February 27 2017,7:00 PM,CLE,1,37,MIL,,23,CLE,K. Korver makes 2-pt jump shot from 19 ft (assist by K. Irving),25,K. Korver - korveky01,2-pt jump shot,make,19.0,K. Irving - irvinky01,,,,,,,,,,,,,,,,,,,,,
403693,/boxscores/201702270CLE.html,regular,Quicken Loans Arena Cleveland Ohio,February 27 2017,7:00 PM,CLE,1,19,MIL,G. Monroe makes 2-pt hook shot from 10 ft,25,CLE,,25,G. Monroe - monrogr01,2-pt hook shot,make,10.0,,,,,,,,,,,,,,,,,,,,,,
403694,/boxscores/201702270CLE.html,regular,Quicken Loans Arena Cleveland Ohio,February 27 2017,7:00 PM,CLE,1,0,MIL,,25,CLE,K. Irving makes 2-pt jump shot from 16 ft,27,K. Irving - irvinky01,2-pt jump shot,make,16.0,,,,,,,,,,,,,,,,,,,,,,
403695,/boxscores/201702270CLE.html,regular,Quicken Loans Arena Cleveland Ohio,February 27 2017,7:00 PM,CLE,1,0,MIL,End of 1st quarter,25,CLE,,27,,,,,,,,,,,,,,,,,,,,,,,,,,
403696,/boxscores/201702270CLE.html,regular,Quicken Loans Arena Cleveland Ohio,February 27 2017,7:00 PM,CLE,2,698,MIL,J. Terry misses 3-pt jump shot from 25 ft,25,CLE,,27,J. Terry - terryja01,3-pt jump shot,miss,25.0,,,,,,,,,,,,,,,,,,,,,,
403697,/boxscores/201702270CLE.html,regular,Quicken Loans Arena Cleveland Ohio,February 27 2017,7:00 PM,CLE,2,698,MIL,,25,CLE,Defensive rebound by D. Williams,27,,,,,,,,,,D. Williams - willide02,defensive,,,,,,,,,,,,,,,
403698,/boxscores/201702270CLE.html,regular,Quicken Loans Arena Cleveland Ohio,February 27 2017,7:00 PM,CLE,2,682,MIL,,25,CLE,Turnover by C. Frye (bad pass; steal by R. Vaughn),27,,,,,,,,,,,,,,,,,,,,C. Frye - fryech01,bad pass,steal,R. Vaughn - vaughra01,,,
403699,/boxscores/201702270CLE.html,regular,Quicken Loans Arena Cleveland Ohio,February 27 2017,7:00 PM,CLE,2,673,MIL,R. Vaughn misses 3-pt jump shot from 25 ft,25,CLE,,27,R. Vaughn - vaughra01,3-pt jump shot,miss,25.0,,,,,,,,,,,,,,,,,,,,,,
403700,/boxscores/201702270CLE.html,regular,Quicken Loans Arena Cleveland Ohio,February 27 2017,7:00 PM,CLE,2,672,MIL,,25,CLE,Defensive rebound by R. Jefferson,27,,,,,,,,,,R. Jefferson - jefferi01,defensive,,,,,,,,,,,,,,,
403701,/boxscores/201702270CLE.html,regular,Quicken Loans Arena Cleveland Ohio,February 27 2017,7:00 PM,CLE,2,670,MIL,,25,CLE,Personal foul by R. Vaughn (drawn by D. Williams),27,,,,,,,personal,R. Vaughn - vaughra01,D. Williams - willide02,,,,,,,,,,,,,,,,,
403702,/boxscores/201702270CLE.html,regular,Quicken Loans Arena Cleveland Ohio,February 27 2017,7:00 PM,CLE,2,664,MIL,,25,CLE,D. Williams makes 2-pt dunk at rim (assist by L. James),29,D. Williams - willide02,2-pt dunk,make,0.0,L. James - jamesle01,,,,,,,,,,,,,,,,,,,,,
403703,/boxscores/201702270CLE.html,regular,Quicken Loans Arena Cleveland Ohio,February 27 2017,7:00 PM,CLE,2,650,MIL,M. Beasley makes 2-pt jump shot from 7 ft (assist by M. Brogdon),27,CLE,,29,M. Beasley - beaslmi01,2-pt jump shot,make,7.0,M. Brogdon - brogdma01,,,,,,,,,,,,,,,,,,,,,
403704,/boxscores/201702270CLE.html,regular,Quicken Loans Arena Cleveland Ohio,February 27 2017,7:00 PM,CLE,2,650,MIL,Shooting foul by D. Williams (drawn by M. Beasley),27,CLE,,29,,,,,,,shooting,D. Williams - willide02,M. Beasley - beaslmi01,,,,,,,,,,,,,,,,,
403705,/boxscores/201702270CLE.html,regular,Quicken Loans Arena Cleveland Ohio,February 27 2017,7:00 PM,CLE,2,650,MIL,M. Beasley makes free throw 1 of 1,28,CLE,,29,,,,,,,,,,,,,,,M. Beasley - beaslmi01,make,1 of 1,,,,,,,,,
403706,/boxscores/201702270CLE.html,regular,Quicken Loans Arena Cleveland Ohio,February 27 2017,7:00 PM,CLE,2,626,MIL,,28,CLE,C. Frye misses 3-pt jump shot from 25 ft,29,C. Frye - fryech01,3-pt jump shot,miss,25.0,,,,,,,,,,,,,,,,,,,,,,
403707,/boxscores/201702270CLE.html,regular,Quicken Loans Arena Cleveland Ohio,February 27 2017,7:00 PM,CLE,2,625,MIL,Defensive rebound by R. Vaughn,28,CLE,,29,,,,,,,,,,R. Vaughn - vaughra01,defensive,,,,,,,,,,,,,,,
403708,/boxscores/201702270CLE.html,regular,Quicken Loans Arena Cleveland Ohio,February 27 2017,7:00 PM,CLE,2,620,MIL,Shooting foul by C. Frye (drawn by M. Beasley),28,CLE,,29,,,,,,,shooting,C. Frye - fryech01,M. Beasley - beaslmi01,,,,,,,,,,,,,,,,,
403709,/boxscores/201702270CLE.html,regular,Quicken Loans Arena Cleveland Ohio,February 27 2017,7:00 PM,CLE,2,620,MIL,M. Beasley makes free throw 1 of 2,29,CLE,,29,,,,,,,,,,,,,,,M. Beasley - beaslmi01,make,1 of 2,,,,,,,,,
403710,/boxscores/201702270CLE.html,regular,Quicken Loans Arena Cleveland Ohio,February 27 2017,7:00 PM,CLE,2,620,MIL,M. Beasley makes free throw 2 of 2,30,CLE,,29,,,,,,,,,,,,,,,M. Beasley - beaslmi01,make,2 of 2,,,,,,,,,
403711,/boxscores/201702270CLE.html,regular,Quicken Loans Arena Cleveland Ohio,February 27 2017,7:00 PM,CLE,2,597,MIL,,30,CLE,R. Jefferson makes 2-pt layup from 1 ft (assist by C. Frye),31,R. Jefferson - jefferi01,2-pt layup,make,1.0,C. Frye - fryech01,,,,,,,,,,,,,,,,,,,,,
403712,/boxscores/201702270CLE.html,regular,Quicken Loans Arena Cleveland Ohio,February 27 2017,7:00 PM,CLE,2,584,MIL,M. Beasley makes 2-pt jump shot from 19 ft (assist by M. Brogdon),32,CLE,,31,M. Beasley - beaslmi01,2-pt jump shot,make,19.0,M. Brogdon - brogdma01,,,,,,,,,,,,,,,,,,,,,
403713,/boxscores/201702270CLE.html,regular,Quicken Loans Arena Cleveland Ohio,February 27 2017,7:00 PM,CLE,2,566,MIL,,32,CLE,L. James makes 2-pt jump shot from 15 ft,33,L. James - jamesle01,2-pt jump shot,make,15.0,,,,,,,,,,,,,,,,,,,,,,
403714,/boxscores/201702270CLE.html,regular,Quicken Loans Arena Cleveland Ohio,February 27 2017,7:00 PM,CLE,2,547,MIL,R. Vaughn makes 3-pt jump shot from 24 ft (assist by M. Beasley),35,CLE,,33,R. Vaughn - vaughra01,3-pt jump shot,make,24.0,M. Beasley - beaslmi01,,,,,,,,,,,,,,,,,,,,,
403715,/boxscores/201702270CLE.html,regular,Quicken Loans Arena Cleveland Ohio,February 27 2017,7:00 PM,CLE,2,537,MIL,,35,CLE,C. Frye misses 3-pt jump shot from 24 ft,33,C. Frye - fryech01,3-pt jump shot,miss,24.0,,,,,,,,,,,,,,,,,,,,,,
403716,/boxscores/201702270CLE.html,regular,Quicken Loans Arena Cleveland Ohio,February 27 2017,7:00 PM,CLE,2,537,MIL,Defensive rebound by R. Vaughn,35,CLE,,33,,,,,,,,,,R. Vaughn - vaughra01,defensive,,,,,,,,,,,,,,,
403717,/boxscores/201702270CLE.html,regular,Quicken Loans Arena Cleveland Ohio,February 27 2017,7:00 PM,CLE,2,519,MIL,M. Brogdon misses 2-pt layup from 2 ft,35,CLE,,33,M. Brogdon - brogdma01,2-pt layup,miss,2.0,,,,,,,,,,,,,,,,,,,,,,
403718,/boxscores/201702270CLE.html,regular,Quicken Loans Arena Cleveland Ohio,February 27 2017,7:00 PM,CLE,2,519,MIL,,35,CLE,Defensive rebound by D. Williams,33,,,,,,,,,,D. Williams - willide02,defensive,,,,,,,,,,,,,,,
403719,/boxscores/201702270CLE.html,regular,Quicken Loans Arena Cleveland Ohio,February 27 2017,7:00 PM,CLE,2,514,MIL,,35,CLE,Personal block foul by M. Beasley (drawn by L. James),33,,,,,,,personal block,M. Beasley - beaslmi01,L. James - jamesle01,,,,,,,,,,,,,,,,,
403720,/boxscores/201702270CLE.html,regular,Quicken Loans Arena Cleveland Ohio,February 27 2017,7:00 PM,CLE,2,514,MIL,Official timeout,35,CLE,,33,,,,,,,,,,,,,,MIL,,,,,,,,,,,,
403721,/boxscores/201702270CLE.html,regular,Quicken Loans Arena Cleveland Ohio,February 27 2017,7:00 PM,CLE,2,514,MIL,M. Teletovi enters the game for M. Beasley,35,CLE,,33,,,,,,,,,,,,,,,,,,M. Teletović - teletmi01,M. Beasley - beaslmi01,,,,,,,
403722,/boxscores/201702270CLE.html,regular,Quicken Loans Arena Cleveland Ohio,February 27 2017,7:00 PM,CLE,2,505,MIL,,35,CLE,D. Williams misses 3-pt jump shot from 24 ft,33,D. Williams - willide02,3-pt jump shot,miss,24.0,,,,,,,,,,,,,,,,,,,,,,
403723,/boxscores/201702270CLE.html,regular,Quicken Loans Arena Cleveland Ohio,February 27 2017,7:00 PM,CLE,2,505,MIL,,35,CLE,Offensive rebound by C. Frye,33,,,,,,,,,,C. Frye - fryech01,offensive,,,,,,,,,,,,,,,
403724,/boxscores/201702270CLE.html,regular,Quicken Loans Arena Cleveland Ohio,February 27 2017,7:00 PM,CLE,2,503,MIL,,35,CLE,C. Frye misses 2-pt layup from 1 ft (block by R. Vaughn),33,C. Frye - fryech01,2-pt layup,miss,1.0,,R. Vaughn - vaughra01,,,,,,,,,,,,,,,,,,,,
403725,/boxscores/201702270CLE.html,regular,Quicken Loans Arena Cleveland Ohio,February 27 2017,7:00 PM,CLE,2,503,MIL,,35,CLE,Offensive rebound by Team,33,,,,,,,,,,Team,offensive,,,,,,,,,,,,,,,
403726,/boxscores/201702270CLE.html,regular,Quicken Loans Arena Cleveland Ohio,February 27 2017,7:00 PM,CLE,2,499,MIL,,35,CLE,Personal foul by M. Brogdon (drawn by L. James),33,,,,,,,personal,M. Brogdon - brogdma01,L. James - jamesle01,,,,,,,,,,,,,,,,,
403727,/boxscores/201702270CLE.html,regular,Quicken Loans Arena Cleveland Ohio,February 27 2017,7:00 PM,CLE,2,488,MIL,,35,CLE,D. Williams makes 2-pt dunk at rim (assist by L. James),35,D. Williams - willide02,2-pt dunk,make,0.0,L. James - jamesle01,,,,,,,,,,,,,,,,,,,,,
403728,/boxscores/201702270CLE.html,regular,Quicken Loans Arena Cleveland Ohio,February 27 2017,7:00 PM,CLE,2,460,MIL,M. Brogdon misses 2-pt jump shot from 12 ft,35,CLE,,35,M. Brogdon - brogdma01,2-pt jump shot,miss,12.0,,,,,,,,,,,,,,,,,,,,,,
403729,/boxscores/201702270CLE.html,regular,Quicken Loans Arena Cleveland Ohio,February 27 2017,7:00 PM,CLE,2,459,MIL,,35,CLE,Defensive rebound by C. Frye,35,,,,,,,,,,C. Frye - fryech01,defensive,,,,,,,,,,,,,,,
403730,/boxscores/201702270CLE.html,regular,Quicken Loans Arena Cleveland Ohio,February 27 2017,7:00 PM,CLE,2,453,MIL,,35,CLE,L. James misses 2-pt layup from 1 ft,35,L. James - jamesle01,2-pt layup,miss,1.0,,,,,,,,,,,,,,,,,,,,,,
403731,/boxscores/201702270CLE.html,regular,Quicken Loans Arena Cleveland Ohio,February 27 2017,7:00 PM,CLE,2,452,MIL,Defensive rebound by J. Henson,35,CLE,,35,,,,,,,,,,J. Henson - hensojo01,defensive,,,,,,,,,,,,,,,
403732,/boxscores/201702270CLE.html,regular,Quicken Loans Arena Cleveland Ohio,February 27 2017,7:00 PM,CLE,2,445,MIL,M. Brogdon makes 2-pt layup from 1 ft,37,CLE,,35,M. Brogdon - brogdma01,2-pt layup,make,1.0,,,,,,,,,,,,,,,,,,,,,,
403733,/boxscores/201702270CLE.html,regular,Quicken Loans Arena Cleveland Ohio,February 27 2017,7:00 PM,CLE,2,445,MIL,Shooting foul by C. Frye (drawn by M. Brogdon),37,CLE,,35,,,,,,,shooting,C. Frye - fryech01,M. Brogdon - brogdma01,,,,,,,,,,,,,,,,,
403734,/boxscores/201702270CLE.html,regular,Quicken Loans Arena Cleveland Ohio,February 27 2017,7:00 PM,CLE,2,445,MIL,M. Brogdon misses free throw 1 of 1,37,CLE,,35,,,,,,,,,,,,,,,M. Brogdon - brogdma01,miss,1 of 1,,,,,,,,,
403735,/boxscores/201702270CLE.html,regular,Quicken Loans Arena Cleveland Ohio,February 27 2017,7:00 PM,CLE,2,444,MIL,,37,CLE,Defensive rebound by D. Williams,35,,,,,,,,,,D. Williams - willide02,defensive,,,,,,,,,,,,,,,
403736,/boxscores/201702270CLE.html,regular,Quicken Loans Arena Cleveland Ohio,February 27 2017,7:00 PM,CLE,2,425,MIL,,37,CLE,K. Korver misses 3-pt jump shot from 26 ft,35,K. Korver - korveky01,3-pt jump shot,miss,26.0,,,,,,,,,,,,,,,,,,,,,,
403737,/boxscores/201702270CLE.html,regular,Quicken Loans Arena Cleveland Ohio,February 27 2017,7:00 PM,CLE,2,424,MIL,Defensive rebound by R. Vaughn,37,CLE,,35,,,,,,,,,,R. Vaughn - vaughra01,defensive,,,,,,,,,,,,,,,
403738,/boxscores/201702270CLE.html,regular,Quicken Loans Arena Cleveland Ohio,February 27 2017,7:00 PM,CLE,2,416,MIL,J. Henson misses 2-pt layup from 2 ft,37,CLE,,35,J. Henson - hensojo01,2-pt layup,miss,2.0,,,,,,,,,,,,,,,,,,,,,,
403739,/boxscores/201702270CLE.html,regular,Quicken Loans Arena Cleveland Ohio,February 27 2017,7:00 PM,CLE,2,415,MIL,,37,CLE,Defensive rebound by C. Frye,35,,,,,,,,,,C. Frye - fryech01,defensive,,,,,,,,,,,,,,,
403740,/boxscores/201702270CLE.html,regular,Quicken Loans Arena Cleveland Ohio,February 27 2017,7:00 PM,CLE,2,415,MIL,,37,CLE,Personal foul by J. Terry (drawn by L. James),35,,,,,,,personal,J. Terry - terryja01,L. James - jamesle01,,,,,,,,,,,,,,,,,
403741,/boxscores/201702270CLE.html,regular,Quicken Loans Arena Cleveland Ohio,February 27 2017,7:00 PM,CLE,2,415,MIL,,37,CLE,K. Irving enters the game for R. Jefferson,35,,,,,,,,,,,,,,,,,,K. Irving - irvinky01,R. Jefferson - jefferi01,,,,,,,
403742,/boxscores/201702270CLE.html,regular,Quicken Loans Arena Cleveland Ohio,February 27 2017,7:00 PM,CLE,2,402,MIL,,37,CLE,C. Frye misses 2-pt jump shot from 23 ft,35,C. Frye - fryech01,2-pt jump shot,miss,23.0,,,,,,,,,,,,,,,,,,,,,,
403743,/boxscores/201702270CLE.html,regular,Quicken Loans Arena Cleveland Ohio,February 27 2017,7:00 PM,CLE,2,401,MIL,Defensive rebound by R. Vaughn,37,CLE,,35,,,,,,,,,,R. Vaughn - vaughra01,defensive,,,,,,,,,,,,,,,
403744,/boxscores/201702270CLE.html,regular,Quicken Loans Arena Cleveland Ohio,February 27 2017,7:00 PM,CLE,2,393,MIL,J. Terry makes 3-pt jump shot from 25 ft (assist by M. Brogdon),40,CLE,,35,J. Terry - terryja01,3-pt jump shot,make,25.0,M. Brogdon - brogdma01,,,,,,,,,,,,,,,,,,,,,
403745,/boxscores/201702270CLE.html,regular,Quicken Loans Arena Cleveland Ohio,February 27 2017,7:00 PM,CLE,2,375,MIL,,40,CLE,Personal foul by J. Henson (drawn by C. Frye),35,,,,,,,personal,J. Henson - hensojo01,C. Frye - fryech01,,,,,,,,,,,,,,,,,
403746,/boxscores/201702270CLE.html,regular,Quicken Loans Arena Cleveland Ohio,February 27 2017,7:00 PM,CLE,2,375,MIL,,40,CLE,C. Frye makes free throw 1 of 2,36,,,,,,,,,,,,,,,C. Frye - fryech01,make,1 of 2,,,,,,,,,
403747,/boxscores/201702270CLE.html,regular,Quicken Loans Arena Cleveland Ohio,February 27 2017,7:00 PM,CLE,2,375,MIL,G. Antetokounmpo enters the game for J. Henson,40,CLE,,36,,,,,,,,,,,,,,,,,,G. Antetokounmpo - antetgi01,J. Henson - hensojo01,,,,,,,
403748,/boxscores/201702270CLE.html,regular,Quicken Loans Arena Cleveland Ohio,February 27 2017,7:00 PM,CLE,2,375,MIL,M. Dellavedova enters the game for R. Vaughn,40,CLE,,36,,,,,,,,,,,,,,,,,,M. Dellavedova - dellama01,R. Vaughn - vaughra01,,,,,,,
403749,/boxscores/201702270CLE.html,regular,Quicken Loans Arena Cleveland Ohio,February 27 2017,7:00 PM,CLE,2,375,MIL,,40,CLE,C. Frye makes free throw 2 of 2,37,,,,,,,,,,,,,,,C. Frye - fryech01,make,2 of 2,,,,,,,,,
403750,/boxscores/201702270CLE.html,regular,Quicken Loans Arena Cleveland Ohio,February 27 2017,7:00 PM,CLE,2,356,MIL,J. Terry misses 2-pt jump shot from 13 ft,40,CLE,,37,J. Terry - terryja01,2-pt jump shot,miss,13.0,,,,,,,,,,,,,,,,,,,,,,
403751,/boxscores/201702270CLE.html,regular,Quicken Loans Arena Cleveland Ohio,February 27 2017,7:00 PM,CLE,2,355,MIL,,40,CLE,Defensive rebound by K. Irving,37,,,,,,,,,,K. Irving - irvinky01,defensive,,,,,,,,,,,,,,,
403752,/boxscores/201702270CLE.html,regular,Quicken Loans Arena Cleveland Ohio,February 27 2017,7:00 PM,CLE,2,347,MIL,,40,CLE,C. Frye makes 2-pt layup from 3 ft (assist by L. James),39,C. Frye - fryech01,2-pt layup,make,3.0,L. James - jamesle01,,,,,,,,,,,,,,,,,,,,,
403753,/boxscores/201702270CLE.html,regular,Quicken Loans Arena Cleveland Ohio,February 27 2017,7:00 PM,CLE,2,334,MIL,M. Teletovi misses 3-pt jump shot from 28 ft,40,CLE,,39,M. Teletović - teletmi01,3-pt jump shot,miss,28.0,,,,,,,,,,,,,,,,,,,,,,
403754,/boxscores/201702270CLE.html,regular,Quicken Loans Arena Cleveland Ohio,February 27 2017,7:00 PM,CLE,2,334,MIL,,40,CLE,Defensive rebound by K. Korver,39,,,,,,,,,,K. Korver - korveky01,defensive,,,,,,,,,,,,,,,
403755,/boxscores/201702270CLE.html,regular,Quicken Loans Arena Cleveland Ohio,February 27 2017,7:00 PM,CLE,2,329,MIL,,40,CLE,Personal foul by M. Dellavedova (drawn by L. James),39,,,,,,,personal,M. Dellavedova - dellama01,L. James - jamesle01,,,,,,,,,,,,,,,,,
403756,/boxscores/201702270CLE.html,regular,Quicken Loans Arena Cleveland Ohio,February 27 2017,7:00 PM,CLE,2,329,MIL,,40,CLE,Cleveland full timeout,39,,,,,,,,,,,,,,CLE,,,,,,,,,,,,
403757,/boxscores/201702270CLE.html,regular,Quicken Loans Arena Cleveland Ohio,February 27 2017,7:00 PM,CLE,2,329,MIL,,40,CLE,L. James makes free throw 1 of 2,40,,,,,,,,,,,,,,,L. James - jamesle01,make,1 of 2,,,,,,,,,
403758,/boxscores/201702270CLE.html,regular,Quicken Loans Arena Cleveland Ohio,February 27 2017,7:00 PM,CLE,2,329,MIL,,40,CLE,T. Thompson enters the game for C. Frye,39,,,,,,,,,,,,,,,,,,T. Thompson - thomptr01,C. Frye - fryech01,,,,,,,
403759,/boxscores/201702270CLE.html,regular,Quicken Loans Arena Cleveland Ohio,February 27 2017,7:00 PM,CLE,2,329,MIL,J. Henson enters the game for J. Terry,40,CLE,,39,,,,,,,,,,,,,,,,,,J. Henson - hensojo01,J. Terry - terryja01,,,,,,,
403760,/boxscores/201702270CLE.html,regular,Quicken Loans Arena Cleveland Ohio,February 27 2017,7:00 PM,CLE,2,329,MIL,T. Snell enters the game for M. Brogdon,40,CLE,,39,,,,,,,,,,,,,,,,,,T. Snell - snellto01,M. Brogdon - brogdma01,,,,,,,
403761,/boxscores/201702270CLE.html,regular,Quicken Loans Arena Cleveland Ohio,February 27 2017,7:00 PM,CLE,2,329,MIL,,40,CLE,L. James makes free throw 2 of 2,41,,,,,,,,,,,,,,,L. James - jamesle01,make,2 of 2,,,,,,,,,
403762,/boxscores/201702270CLE.html,regular,Quicken Loans Arena Cleveland Ohio,February 27 2017,7:00 PM,CLE,2,309,MIL,T. Snell misses 2-pt layup from 1 ft,40,CLE,,41,T. Snell - snellto01,2-pt layup,miss,1.0,,,,,,,,,,,,,,,,,,,,,,
403763,/boxscores/201702270CLE.html,regular,Quicken Loans Arena Cleveland Ohio,February 27 2017,7:00 PM,CLE,2,307,MIL,,40,CLE,Defensive rebound by L. James,41,,,,,,,,,,L. James - jamesle01,defensive,,,,,,,,,,,,,,,
403764,/boxscores/201702270CLE.html,regular,Quicken Loans Arena Cleveland Ohio,February 27 2017,7:00 PM,CLE,2,288,MIL,,40,CLE,K. Korver misses 3-pt jump shot from 24 ft,41,K. Korver - korveky01,3-pt jump shot,miss,24.0,,,,,,,,,,,,,,,,,,,,,,
403765,/boxscores/201702270CLE.html,regular,Quicken Loans Arena Cleveland Ohio,February 27 2017,7:00 PM,CLE,2,288,MIL,,40,CLE,Offensive rebound by D. Williams,41,,,,,,,,,,D. Williams - willide02,offensive,,,,,,,,,,,,,,,
403766,/boxscores/201702270CLE.html,regular,Quicken Loans Arena Cleveland Ohio,February 27 2017,7:00 PM,CLE,2,276,MIL,,40,CLE,Shooting foul by J. Henson (drawn by T. Thompson),41,,,,,,,shooting,J. Henson - hensojo01,T. Thompson - thomptr01,,,,,,,,,,,,,,,,,
403767,/boxscores/201702270CLE.html,regular,Quicken Loans Arena Cleveland Ohio,February 27 2017,7:00 PM,CLE,2,276,MIL,,40,CLE,T. Thompson misses free throw 1 of 2,41,,,,,,,,,,,,,,,T. Thompson - thomptr01,miss,1 of 2,,,,,,,,,
403768,/boxscores/201702270CLE.html,regular,Quicken Loans Arena Cleveland Ohio,February 27 2017,7:00 PM,CLE,2,276,MIL,,40,CLE,Offensive rebound by Team,41,,,,,,,,,,Team,offensive,,,,,,,,,,,,,,,
403769,/boxscores/201702270CLE.html,regular,Quicken Loans Arena Cleveland Ohio,February 27 2017,7:00 PM,CLE,2,276,MIL,,40,CLE,R. Jefferson enters the game for L. James,41,,,,,,,,,,,,,,,,,,R. Jefferson - jefferi01,L. James - jamesle01,,,,,,,
403770,/boxscores/201702270CLE.html,regular,Quicken Loans Arena Cleveland Ohio,February 27 2017,7:00 PM,CLE,2,276,MIL,,40,CLE,I. Shumpert enters the game for K. Korver,41,,,,,,,,,,,,,,,,,,I. Shumpert - shumpim01,K. Korver - korveky01,,,,,,,
403771,/boxscores/201702270CLE.html,regular,Quicken Loans Arena Cleveland Ohio,February 27 2017,7:00 PM,CLE,2,276,MIL,,40,CLE,T. Thompson makes free throw 2 of 2,42,,,,,,,,,,,,,,,T. Thompson - thomptr01,make,2 of 2,,,,,,,,,
403772,/boxscores/201702270CLE.html,regular,Quicken Loans Arena Cleveland Ohio,February 27 2017,7:00 PM,CLE,2,253,MIL,M. Dellavedova misses 2-pt jump shot from 13 ft (block by I. Shumpert),40,CLE,,42,M. Dellavedova - dellama01,2-pt jump shot,miss,13.0,,I. Shumpert - shumpim01,,,,,,,,,,,,,,,,,,,,
403773,/boxscores/201702270CLE.html,regular,Quicken Loans Arena Cleveland Ohio,February 27 2017,7:00 PM,CLE,2,252,MIL,,40,CLE,Defensive rebound by T. Thompson,42,,,,,,,,,,T. Thompson - thomptr01,defensive,,,,,,,,,,,,,,,
403774,/boxscores/201702270CLE.html,regular,Quicken Loans Arena Cleveland Ohio,February 27 2017,7:00 PM,CLE,2,252,MIL,,40,CLE,Shooting foul by M. Teletovi (drawn by D. Williams),42,,,,,,,shooting,M. Teletović - teletmi01,D. Williams - willide02,,,,,,,,,,,,,,,,,
403775,/boxscores/201702270CLE.html,regular,Quicken Loans Arena Cleveland Ohio,February 27 2017,7:00 PM,CLE,2,252,MIL,,40,CLE,D. Williams makes free throw 1 of 2,43,,,,,,,,,,,,,,,D. Williams - willide02,make,1 of 2,,,,,,,,,
403776,/boxscores/201702270CLE.html,regular,Quicken Loans Arena Cleveland Ohio,February 27 2017,7:00 PM,CLE,2,252,MIL,,40,CLE,D. Williams makes free throw 2 of 2,44,,,,,,,,,,,,,,,D. Williams - willide02,make,2 of 2,,,,,,,,,
403777,/boxscores/201702270CLE.html,regular,Quicken Loans Arena Cleveland Ohio,February 27 2017,7:00 PM,CLE,2,232,MIL,J. Henson makes 2-pt jump shot from 4 ft (assist by G. Antetokounmpo),42,CLE,,44,J. Henson - hensojo01,2-pt jump shot,make,4.0,G. Antetokounmpo - antetgi01,,,,,,,,,,,,,,,,,,,,,
403778,/boxscores/201702270CLE.html,regular,Quicken Loans Arena Cleveland Ohio,February 27 2017,7:00 PM,CLE,2,218,MIL,,42,CLE,T. Thompson misses 2-pt jump shot from 4 ft (block by J. Henson),44,T. Thompson - thomptr01,2-pt jump shot,miss,4.0,,J. Henson - hensojo01,,,,,,,,,,,,,,,,,,,,
403779,/boxscores/201702270CLE.html,regular,Quicken Loans Arena Cleveland Ohio,February 27 2017,7:00 PM,CLE,2,217,MIL,Defensive rebound by G. Antetokounmpo,42,CLE,,44,,,,,,,,,,G. Antetokounmpo - antetgi01,defensive,,,,,,,,,,,,,,,
403780,/boxscores/201702270CLE.html,regular,Quicken Loans Arena Cleveland Ohio,February 27 2017,7:00 PM,CLE,2,211,MIL,G. Antetokounmpo misses 2-pt layup from 3 ft,42,CLE,,44,G. Antetokounmpo - antetgi01,2-pt layup,miss,3.0,,,,,,,,,,,,,,,,,,,,,,
403781,/boxscores/201702270CLE.html,regular,Quicken Loans Arena Cleveland Ohio,February 27 2017,7:00 PM,CLE,2,210,MIL,,42,CLE,Defensive rebound by R. Jefferson,44,,,,,,,,,,R. Jefferson - jefferi01,defensive,,,,,,,,,,,,,,,
403782,/boxscores/201702270CLE.html,regular,Quicken Loans Arena Cleveland Ohio,February 27 2017,7:00 PM,CLE,2,200,MIL,,42,CLE,K. Irving makes 2-pt jump shot from 15 ft,46,K. Irving - irvinky01,2-pt jump shot,make,15.0,,,,,,,,,,,,,,,,,,,,,,
403783,/boxscores/201702270CLE.html,regular,Quicken Loans Arena Cleveland Ohio,February 27 2017,7:00 PM,CLE,2,178,MIL,M. Teletovi misses 2-pt jump shot from 11 ft,42,CLE,,46,M. Teletović - teletmi01,2-pt jump shot,miss,11.0,,,,,,,,,,,,,,,,,,,,,,
403784,/boxscores/201702270CLE.html,regular,Quicken Loans Arena Cleveland Ohio,February 27 2017,7:00 PM,CLE,2,177,MIL,Offensive rebound by J. Henson,42,CLE,,46,,,,,,,,,,J. Henson - hensojo01,offensive,,,,,,,,,,,,,,,
403785,/boxscores/201702270CLE.html,regular,Quicken Loans Arena Cleveland Ohio,February 27 2017,7:00 PM,CLE,2,177,MIL,J. Henson misses 2-pt layup from 3 ft,42,CLE,,46,J. Henson - hensojo01,2-pt layup,miss,3.0,,,,,,,,,,,,,,,,,,,,,,
403786,/boxscores/201702270CLE.html,regular,Quicken Loans Arena Cleveland Ohio,February 27 2017,7:00 PM,CLE,2,176,MIL,,42,CLE,Defensive rebound by T. Thompson,46,,,,,,,,,,T. Thompson - thomptr01,defensive,,,,,,,,,,,,,,,
403787,/boxscores/201702270CLE.html,regular,Quicken Loans Arena Cleveland Ohio,February 27 2017,7:00 PM,CLE,2,171,MIL,,42,CLE,Turnover by D. Williams (bad pass),46,,,,,,,,,,,,,,,,,,,,D. Williams - willide02,bad pass,,,,,
403788,/boxscores/201702270CLE.html,regular,Quicken Loans Arena Cleveland Ohio,February 27 2017,7:00 PM,CLE,2,171,MIL,Milwaukee full timeout,42,CLE,,46,,,,,,,,,,,,,,MIL,,,,,,,,,,,,
403789,/boxscores/201702270CLE.html,regular,Quicken Loans Arena Cleveland Ohio,February 27 2017,7:00 PM,CLE,2,171,MIL,,42,CLE,K. Korver enters the game for D. Williams,46,,,,,,,,,,,,,,,,,,K. Korver - korveky01,D. Williams - willide02,,,,,,,
403790,/boxscores/201702270CLE.html,regular,Quicken Loans Arena Cleveland Ohio,February 27 2017,7:00 PM,CLE,2,155,MIL,Turnover by G. Antetokounmpo (3 sec),42,CLE,,46,,,,,,,,,,,,,,,,,,,,G. Antetokounmpo - antetgi01,3 sec,,,,,
403791,/boxscores/201702270CLE.html,regular,Quicken Loans Arena Cleveland Ohio,February 27 2017,7:00 PM,CLE,2,136,MIL,,42,CLE,Turnover by T. Thompson (3 sec),46,,,,,,,,,,,,,,,,,,,,T. Thompson - thomptr01,3 sec,,,,,
403792,/boxscores/201702270CLE.html,regular,Quicken Loans Arena Cleveland Ohio,February 27 2017,7:00 PM,CLE,2,114,MIL,M. Dellavedova misses 3-pt jump shot from 25 ft,42,CLE,,46,M. Dellavedova - dellama01,3-pt jump shot,miss,25.0,,,,,,,,,,,,,,,,,,,,,,
403793,/boxscores/201702270CLE.html,regular,Quicken Loans Arena Cleveland Ohio,February 27 2017,7:00 PM,CLE,2,114,MIL,,42,CLE,Defensive rebound by K. Korver,46,,,,,,,,,,K. Korver - korveky01,defensive,,,,,,,,,,,,,,,
403794,/boxscores/201702270CLE.html,regular,Quicken Loans Arena Cleveland Ohio,February 27 2017,7:00 PM,CLE,2,96,MIL,,42,CLE,K. Korver makes 3-pt jump shot from 25 ft (assist by K. Irving),49,K. Korver - korveky01,3-pt jump shot,make,25.0,K. Irving - irvinky01,,,,,,,,,,,,,,,,,,,,,
403795,/boxscores/201702270CLE.html,regular,Quicken Loans Arena Cleveland Ohio,February 27 2017,7:00 PM,CLE,2,84,MIL,M. Teletovi makes 3-pt jump shot from 25 ft (assist by M. Dellavedova),45,CLE,,49,M. Teletović - teletmi01,3-pt jump shot,make,25.0,M. Dellavedova - dellama01,,,,,,,,,,,,,,,,,,,,,
403796,/boxscores/201702270CLE.html,regular,Quicken Loans Arena Cleveland Ohio,February 27 2017,7:00 PM,CLE,2,60,MIL,,45,CLE,K. Korver makes 3-pt jump shot from 24 ft (assist by K. Irving),52,K. Korver - korveky01,3-pt jump shot,make,24.0,K. Irving - irvinky01,,,,,,,,,,,,,,,,,,,,,
403797,/boxscores/201702270CLE.html,regular,Quicken Loans Arena Cleveland Ohio,February 27 2017,7:00 PM,CLE,2,44,MIL,J. Henson makes 2-pt dunk at rim (assist by M. Teletovi),47,CLE,,52,J. Henson - hensojo01,2-pt dunk,make,0.0,M. Teletović - teletmi01,,,,,,,,,,,,,,,,,,,,,
403798,/boxscores/201702270CLE.html,regular,Quicken Loans Arena Cleveland Ohio,February 27 2017,7:00 PM,CLE,2,26,MIL,,47,CLE,Turnover by K. Irving (back court),52,,,,,,,,,,,,,,,,,,,,K. Irving - irvinky01,back court,,,,,
403799,/boxscores/201702270CLE.html,regular,Quicken Loans Arena Cleveland Ohio,February 27 2017,7:00 PM,CLE,2,2,MIL,T. Snell makes 3-pt jump shot from 25 ft (assist by J. Henson),50,CLE,,52,T. Snell - snellto01,3-pt jump shot,make,25.0,J. Henson - hensojo01,,,,,,,,,,,,,,,,,,,,,
403800,/boxscores/201702270CLE.html,regular,Quicken Loans Arena Cleveland Ohio,February 27 2017,7:00 PM,CLE,2,0,MIL,,50,CLE,K. Korver misses 3-pt jump shot from 26 ft,52,K. Korver - korveky01,3-pt jump shot,miss,26.0,,,,,,,,,,,,,,,,,,,,,,
403801,/boxscores/201702270CLE.html,regular,Quicken Loans Arena Cleveland Ohio,February 27 2017,7:00 PM,CLE,2,0,MIL,,50,CLE,Offensive rebound by Team,52,,,,,,,,,,Team,offensive,,,,,,,,,,,,,,,
403802,/boxscores/201702270CLE.html,regular,Quicken Loans Arena Cleveland Ohio,February 27 2017,7:00 PM,CLE,2,0,MIL,End of 2nd quarter,50,CLE,,52,,,,,,,,,,,,,,,,,,,,,,,,,,
403803,/boxscores/201702270CLE.html,regular,Quicken Loans Arena Cleveland Ohio,February 27 2017,7:00 PM,CLE,3,704,MIL,G. Antetokounmpo misses 2-pt jump shot from 22 ft,50,CLE,,52,G. Antetokounmpo - antetgi01,2-pt jump shot,miss,22.0,,,,,,,,,,,,,,,,,,,,,,
403804,/boxscores/201702270CLE.html,regular,Quicken Loans Arena Cleveland Ohio,February 27 2017,7:00 PM,CLE,3,704,MIL,,50,CLE,Defensive rebound by K. Irving,52,,,,,,,,,,K. Irving - irvinky01,defensive,,,,,,,,,,,,,,,
403805,/boxscores/201702270CLE.html,regular,Quicken Loans Arena Cleveland Ohio,February 27 2017,7:00 PM,CLE,3,686,MIL,,50,CLE,I. Shumpert misses 3-pt jump shot from 24 ft,52,I. Shumpert - shumpim01,3-pt jump shot,miss,24.0,,,,,,,,,,,,,,,,,,,,,,
403806,/boxscores/201702270CLE.html,regular,Quicken Loans Arena Cleveland Ohio,February 27 2017,7:00 PM,CLE,3,685,MIL,Defensive rebound by G. Antetokounmpo,50,CLE,,52,,,,,,,,,,G. Antetokounmpo - antetgi01,defensive,,,,,,,,,,,,,,,
403807,/boxscores/201702270CLE.html,regular,Quicken Loans Arena Cleveland Ohio,February 27 2017,7:00 PM,CLE,3,672,MIL,G. Antetokounmpo makes 2-pt jump shot from 12 ft,52,CLE,,52,G. Antetokounmpo - antetgi01,2-pt jump shot,make,12.0,,,,,,,,,,,,,,,,,,,,,,
403808,/boxscores/201702270CLE.html,regular,Quicken Loans Arena Cleveland Ohio,February 27 2017,7:00 PM,CLE,3,659,MIL,,52,CLE,Turnover by K. Irving (traveling),52,,,,,,,,,,,,,,,,,,,,K. Irving - irvinky01,traveling,,,,,
403809,/boxscores/201702270CLE.html,regular,Quicken Loans Arena Cleveland Ohio,February 27 2017,7:00 PM,CLE,3,642,MIL,Turnover by M. Brogdon (lost ball; steal by I. Shumpert),52,CLE,,52,,,,,,,,,,,,,,,,,,,,M. Brogdon - brogdma01,lost ball,steal,I. Shumpert - shumpim01,,,
403810,/boxscores/201702270CLE.html,regular,Quicken Loans Arena Cleveland Ohio,February 27 2017,7:00 PM,CLE,3,633,MIL,,52,CLE,L. James misses 2-pt jump shot from 22 ft,52,L. James - jamesle01,2-pt jump shot,miss,22.0,,,,,,,,,,,,,,,,,,,,,,
403811,/boxscores/201702270CLE.html,regular,Quicken Loans Arena Cleveland Ohio,February 27 2017,7:00 PM,CLE,3,633,MIL,Defensive rebound by M. Brogdon,52,CLE,,52,,,,,,,,,,M. Brogdon - brogdma01,defensive,,,,,,,,,,,,,,,
403812,/boxscores/201702270CLE.html,regular,Quicken Loans Arena Cleveland Ohio,February 27 2017,7:00 PM,CLE,3,623,MIL,T. Maker makes 3-pt jump shot from 26 ft (assist by M. Brogdon),55,CLE,,52,T. Maker - makerth01,3-pt jump shot,make,26.0,M. Brogdon - brogdma01,,,,,,,,,,,,,,,,,,,,,
403813,/boxscores/201702270CLE.html,regular,Quicken Loans Arena Cleveland Ohio,February 27 2017,7:00 PM,CLE,3,596,MIL,,55,CLE,K. Irving misses 2-pt jump shot from 16 ft,52,K. Irving - irvinky01,2-pt jump shot,miss,16.0,,,,,,,,,,,,,,,,,,,,,,
403814,/boxscores/201702270CLE.html,regular,Quicken Loans Arena Cleveland Ohio,February 27 2017,7:00 PM,CLE,3,594,MIL,Defensive rebound by T. Snell,55,CLE,,52,,,,,,,,,,T. Snell - snellto01,defensive,,,,,,,,,,,,,,,
403815,/boxscores/201702270CLE.html,regular,Quicken Loans Arena Cleveland Ohio,February 27 2017,7:00 PM,CLE,3,586,MIL,Personal foul by K. Irving (drawn by M. Brogdon),55,CLE,,52,,,,,,,personal,K. Irving - irvinky01,M. Brogdon - brogdma01,,,,,,,,,,,,,,,,,
403816,/boxscores/201702270CLE.html,regular,Quicken Loans Arena Cleveland Ohio,February 27 2017,7:00 PM,CLE,3,573,MIL,T. Maker misses 2-pt jump shot from 11 ft,55,CLE,,52,T. Maker - makerth01,2-pt jump shot,miss,11.0,,,,,,,,,,,,,,,,,,,,,,
403817,/boxscores/201702270CLE.html,regular,Quicken Loans Arena Cleveland Ohio,February 27 2017,7:00 PM,CLE,3,570,MIL,,55,CLE,Defensive rebound by I. Shumpert,52,,,,,,,,,,I. Shumpert - shumpim01,defensive,,,,,,,,,,,,,,,
403818,/boxscores/201702270CLE.html,regular,Quicken Loans Arena Cleveland Ohio,February 27 2017,7:00 PM,CLE,3,565,MIL,,55,CLE,I. Shumpert misses 2-pt jump shot from 12 ft,52,I. Shumpert - shumpim01,2-pt jump shot,miss,12.0,,,,,,,,,,,,,,,,,,,,,,
403819,/boxscores/201702270CLE.html,regular,Quicken Loans Arena Cleveland Ohio,February 27 2017,7:00 PM,CLE,3,565,MIL,Defensive rebound by Team,55,CLE,,52,,,,,,,,,,Team,defensive,,,,,,,,,,,,,,,
403820,/boxscores/201702270CLE.html,regular,Quicken Loans Arena Cleveland Ohio,February 27 2017,7:00 PM,CLE,3,553,MIL,T. Maker makes 3-pt jump shot from 25 ft (assist by M. Dellavedova),58,CLE,,52,T. Maker - makerth01,3-pt jump shot,make,25.0,M. Dellavedova - dellama01,,,,,,,,,,,,,,,,,,,,,
403821,/boxscores/201702270CLE.html,regular,Quicken Loans Arena Cleveland Ohio,February 27 2017,7:00 PM,CLE,3,531,MIL,,58,CLE,T. Thompson makes 2-pt dunk at rim (assist by K. Irving),54,T. Thompson - thomptr01,2-pt dunk,make,0.0,K. Irving - irvinky01,,,,,,,,,,,,,,,,,,,,,
403822,/boxscores/201702270CLE.html,regular,Quicken Loans Arena Cleveland Ohio,February 27 2017,7:00 PM,CLE,3,511,MIL,M. Brogdon makes 3-pt jump shot from 23 ft (assist by M. Dellavedova),61,CLE,,54,M. Brogdon - brogdma01,3-pt jump shot,make,23.0,M. Dellavedova - dellama01,,,,,,,,,,,,,,,,,,,,,
403823,/boxscores/201702270CLE.html,regular,Quicken Loans Arena Cleveland Ohio,February 27 2017,7:00 PM,CLE,3,490,MIL,,61,CLE,T. Thompson misses 2-pt jump shot from 4 ft,54,T. Thompson - thomptr01,2-pt jump shot,miss,4.0,,,,,,,,,,,,,,,,,,,,,,
403824,/boxscores/201702270CLE.html,regular,Quicken Loans Arena Cleveland Ohio,February 27 2017,7:00 PM,CLE,3,489,MIL,Defensive rebound by T. Snell,61,CLE,,54,,,,,,,,,,T. Snell - snellto01,defensive,,,,,,,,,,,,,,,
403825,/boxscores/201702270CLE.html,regular,Quicken Loans Arena Cleveland Ohio,February 27 2017,7:00 PM,CLE,3,483,MIL,T. Maker misses 3-pt jump shot from 26 ft,61,CLE,,54,T. Maker - makerth01,3-pt jump shot,miss,26.0,,,,,,,,,,,,,,,,,,,,,,
403826,/boxscores/201702270CLE.html,regular,Quicken Loans Arena Cleveland Ohio,February 27 2017,7:00 PM,CLE,3,482,MIL,,61,CLE,Defensive rebound by R. Jefferson,54,,,,,,,,,,R. Jefferson - jefferi01,defensive,,,,,,,,,,,,,,,
403827,/boxscores/201702270CLE.html,regular,Quicken Loans Arena Cleveland Ohio,February 27 2017,7:00 PM,CLE,3,459,MIL,,61,CLE,K. Irving makes 2-pt jump shot from 16 ft,56,K. Irving - irvinky01,2-pt jump shot,make,16.0,,,,,,,,,,,,,,,,,,,,,,
403828,/boxscores/201702270CLE.html,regular,Quicken Loans Arena Cleveland Ohio,February 27 2017,7:00 PM,CLE,3,445,MIL,Turnover by M. Dellavedova (bad pass; steal by K. Irving),61,CLE,,56,,,,,,,,,,,,,,,,,,,,M. Dellavedova - dellama01,bad pass,steal,K. Irving - irvinky01,,,
403829,/boxscores/201702270CLE.html,regular,Quicken Loans Arena Cleveland Ohio,February 27 2017,7:00 PM,CLE,3,440,MIL,,61,CLE,Turnover by K. Irving (bad pass; steal by M. Brogdon),56,,,,,,,,,,,,,,,,,,,,K. Irving - irvinky01,bad pass,steal,M. Brogdon - brogdma01,,,
403830,/boxscores/201702270CLE.html,regular,Quicken Loans Arena Cleveland Ohio,February 27 2017,7:00 PM,CLE,3,439,MIL,Shooting foul by R. Jefferson (drawn by T. Snell),61,CLE,,56,,,,,,,shooting,R. Jefferson - jefferi01,T. Snell - snellto01,,,,,,,,,,,,,,,,,
403831,/boxscores/201702270CLE.html,regular,Quicken Loans Arena Cleveland Ohio,February 27 2017,7:00 PM,CLE,3,439,MIL,T. Snell makes free throw 1 of 2,62,CLE,,56,,,,,,,,,,,,,,,T. Snell - snellto01,make,1 of 2,,,,,,,,,
403832,/boxscores/201702270CLE.html,regular,Quicken Loans Arena Cleveland Ohio,February 27 2017,7:00 PM,CLE,3,439,MIL,T. Snell makes free throw 2 of 2,63,CLE,,56,,,,,,,,,,,,,,,T. Snell - snellto01,make,2 of 2,,,,,,,,,
403833,/boxscores/201702270CLE.html,regular,Quicken Loans Arena Cleveland Ohio,February 27 2017,7:00 PM,CLE,3,423,MIL,,63,CLE,L. James makes 3-pt jump shot from 28 ft (assist by K. Irving),59,L. James - jamesle01,3-pt jump shot,make,28.0,K. Irving - irvinky01,,,,,,,,,,,,,,,,,,,,,
403834,/boxscores/201702270CLE.html,regular,Quicken Loans Arena Cleveland Ohio,February 27 2017,7:00 PM,CLE,3,401,MIL,M. Dellavedova misses 2-pt jump shot from 4 ft,63,CLE,,59,M. Dellavedova - dellama01,2-pt jump shot,miss,4.0,,,,,,,,,,,,,,,,,,,,,,
403835,/boxscores/201702270CLE.html,regular,Quicken Loans Arena Cleveland Ohio,February 27 2017,7:00 PM,CLE,3,399,MIL,,63,CLE,Defensive rebound by L. James,59,,,,,,,,,,L. James - jamesle01,defensive,,,,,,,,,,,,,,,
403836,/boxscores/201702270CLE.html,regular,Quicken Loans Arena Cleveland Ohio,February 27 2017,7:00 PM,CLE,3,392,MIL,,63,CLE,K. Irving makes 3-pt jump shot from 24 ft,62,K. Irving - irvinky01,3-pt jump shot,make,24.0,,,,,,,,,,,,,,,,,,,,,,
403837,/boxscores/201702270CLE.html,regular,Quicken Loans Arena Cleveland Ohio,February 27 2017,7:00 PM,CLE,3,392,MIL,Milwaukee full timeout,63,CLE,,62,,,,,,,,,,,,,,MIL,,,,,,,,,,,,
403838,/boxscores/201702270CLE.html,regular,Quicken Loans Arena Cleveland Ohio,February 27 2017,7:00 PM,CLE,3,371,MIL,Turnover by G. Antetokounmpo (lost ball; steal by K. Irving),63,CLE,,62,,,,,,,,,,,,,,,,,,,,G. Antetokounmpo - antetgi01,lost ball,steal,K. Irving - irvinky01,,,
403839,/boxscores/201702270CLE.html,regular,Quicken Loans Arena Cleveland Ohio,February 27 2017,7:00 PM,CLE,3,365,MIL,,63,CLE,K. Irving misses 2-pt layup from 2 ft,62,K. Irving - irvinky01,2-pt layup,miss,2.0,,,,,,,,,,,,,,,,,,,,,,
403840,/boxscores/201702270CLE.html,regular,Quicken Loans Arena Cleveland Ohio,February 27 2017,7:00 PM,CLE,3,363,MIL,Defensive rebound by M. Dellavedova,63,CLE,,62,,,,,,,,,,M. Dellavedova - dellama01,defensive,,,,,,,,,,,,,,,
403841,/boxscores/201702270CLE.html,regular,Quicken Loans Arena Cleveland Ohio,February 27 2017,7:00 PM,CLE,3,356,MIL,M. Dellavedova misses 3-pt jump shot from 26 ft,63,CLE,,62,M. Dellavedova - dellama01,3-pt jump shot,miss,26.0,,,,,,,,,,,,,,,,,,,,,,
403842,/boxscores/201702270CLE.html,regular,Quicken Loans Arena Cleveland Ohio,February 27 2017,7:00 PM,CLE,3,356,MIL,,63,CLE,Defensive rebound by L. James,62,,,,,,,,,,L. James - jamesle01,defensive,,,,,,,,,,,,,,,
403843,/boxscores/201702270CLE.html,regular,Quicken Loans Arena Cleveland Ohio,February 27 2017,7:00 PM,CLE,3,351,MIL,,63,CLE,L. James makes 2-pt layup from 1 ft,64,L. James - jamesle01,2-pt layup,make,1.0,,,,,,,,,,,,,,,,,,,,,,
403844,/boxscores/201702270CLE.html,regular,Quicken Loans Arena Cleveland Ohio,February 27 2017,7:00 PM,CLE,3,351,MIL,,63,CLE,Shooting foul by T. Snell (drawn by L. James),64,,,,,,,shooting,T. Snell - snellto01,L. James - jamesle01,,,,,,,,,,,,,,,,,
403845,/boxscores/201702270CLE.html,regular,Quicken Loans Arena Cleveland Ohio,February 27 2017,7:00 PM,CLE,3,351,MIL,G. Monroe enters the game for T. Maker,63,CLE,,64,,,,,,,,,,,,,,,,,,G. Monroe - monrogr01,T. Maker - makerth01,,,,,,,
403846,/boxscores/201702270CLE.html,regular,Quicken Loans Arena Cleveland Ohio,February 27 2017,7:00 PM,CLE,3,351,MIL,J. Terry enters the game for M. Dellavedova,63,CLE,,64,,,,,,,,,,,,,,,,,,J. Terry - terryja01,M. Dellavedova - dellama01,,,,,,,
403847,/boxscores/201702270CLE.html,regular,Quicken Loans Arena Cleveland Ohio,February 27 2017,7:00 PM,CLE,3,351,MIL,,63,CLE,L. James makes free throw 1 of 1,65,,,,,,,,,,,,,,,L. James - jamesle01,make,1 of 1,,,,,,,,,
403848,/boxscores/201702270CLE.html,regular,Quicken Loans Arena Cleveland Ohio,February 27 2017,7:00 PM,CLE,3,329,MIL,M. Brogdon misses 3-pt jump shot from 24 ft,63,CLE,,65,M. Brogdon - brogdma01,3-pt jump shot,miss,24.0,,,,,,,,,,,,,,,,,,,,,,
403849,/boxscores/201702270CLE.html,regular,Quicken Loans Arena Cleveland Ohio,February 27 2017,7:00 PM,CLE,3,328,MIL,,63,CLE,Defensive rebound by R. Jefferson,65,,,,,,,,,,R. Jefferson - jefferi01,defensive,,,,,,,,,,,,,,,
403850,/boxscores/201702270CLE.html,regular,Quicken Loans Arena Cleveland Ohio,February 27 2017,7:00 PM,CLE,3,314,MIL,,63,CLE,K. Irving makes 2-pt layup from 2 ft (assist by T. Thompson),67,K. Irving - irvinky01,2-pt layup,make,2.0,T. Thompson - thomptr01,,,,,,,,,,,,,,,,,,,,,
403851,/boxscores/201702270CLE.html,regular,Quicken Loans Arena Cleveland Ohio,February 27 2017,7:00 PM,CLE,3,290,MIL,M. Brogdon misses 3-pt jump shot from 24 ft,63,CLE,,67,M. Brogdon - brogdma01,3-pt jump shot,miss,24.0,,,,,,,,,,,,,,,,,,,,,,
403852,/boxscores/201702270CLE.html,regular,Quicken Loans Arena Cleveland Ohio,February 27 2017,7:00 PM,CLE,3,290,MIL,,63,CLE,Defensive rebound by T. Thompson,67,,,,,,,,,,T. Thompson - thomptr01,defensive,,,,,,,,,,,,,,,
403853,/boxscores/201702270CLE.html,regular,Quicken Loans Arena Cleveland Ohio,February 27 2017,7:00 PM,CLE,3,283,MIL,,63,CLE,T. Thompson makes 2-pt dunk at rim (assist by L. James),69,T. Thompson - thomptr01,2-pt dunk,make,0.0,L. James - jamesle01,,,,,,,,,,,,,,,,,,,,,
403854,/boxscores/201702270CLE.html,regular,Quicken Loans Arena Cleveland Ohio,February 27 2017,7:00 PM,CLE,3,264,MIL,Turnover by G. Antetokounmpo (traveling),63,CLE,,69,,,,,,,,,,,,,,,,,,,,G. Antetokounmpo - antetgi01,traveling,,,,,
403855,/boxscores/201702270CLE.html,regular,Quicken Loans Arena Cleveland Ohio,February 27 2017,7:00 PM,CLE,3,240,MIL,,63,CLE,K. Irving misses 3-pt jump shot from 27 ft,69,K. Irving - irvinky01,3-pt jump shot,miss,27.0,,,,,,,,,,,,,,,,,,,,,,
403856,/boxscores/201702270CLE.html,regular,Quicken Loans Arena Cleveland Ohio,February 27 2017,7:00 PM,CLE,3,238,MIL,Defensive rebound by J. Terry,63,CLE,,69,,,,,,,,,,J. Terry - terryja01,defensive,,,,,,,,,,,,,,,
403857,/boxscores/201702270CLE.html,regular,Quicken Loans Arena Cleveland Ohio,February 27 2017,7:00 PM,CLE,3,218,MIL,Shooting foul by L. James (drawn by G. Antetokounmpo),63,CLE,,69,,,,,,,shooting,L. James - jamesle01,G. Antetokounmpo - antetgi01,,,,,,,,,,,,,,,,,
403858,/boxscores/201702270CLE.html,regular,Quicken Loans Arena Cleveland Ohio,February 27 2017,7:00 PM,CLE,3,218,MIL,G. Antetokounmpo makes free throw 1 of 2,64,CLE,,69,,,,,,,,,,,,,,,G. Antetokounmpo - antetgi01,make,1 of 2,,,,,,,,,
403859,/boxscores/201702270CLE.html,regular,Quicken Loans Arena Cleveland Ohio,February 27 2017,7:00 PM,CLE,3,218,MIL,G. Antetokounmpo misses free throw 2 of 2,64,CLE,,69,,,,,,,,,,,,,,,G. Antetokounmpo - antetgi01,miss,2 of 2,,,,,,,,,
403860,/boxscores/201702270CLE.html,regular,Quicken Loans Arena Cleveland Ohio,February 27 2017,7:00 PM,CLE,3,218,MIL,,64,CLE,K. Korver enters the game for I. Shumpert,69,,,,,,,,,,,,,,,,,,K. Korver - korveky01,I. Shumpert - shumpim01,,,,,,,
403861,/boxscores/201702270CLE.html,regular,Quicken Loans Arena Cleveland Ohio,February 27 2017,7:00 PM,CLE,3,217,MIL,,64,CLE,Defensive rebound by T. Thompson,69,,,,,,,,,,T. Thompson - thomptr01,defensive,,,,,,,,,,,,,,,
403862,/boxscores/201702270CLE.html,regular,Quicken Loans Arena Cleveland Ohio,February 27 2017,7:00 PM,CLE,3,198,MIL,,64,CLE,R. Jefferson misses 3-pt jump shot from 25 ft,69,R. Jefferson - jefferi01,3-pt jump shot,miss,25.0,,,,,,,,,,,,,,,,,,,,,,
403863,/boxscores/201702270CLE.html,regular,Quicken Loans Arena Cleveland Ohio,February 27 2017,7:00 PM,CLE,3,198,MIL,Defensive rebound by M. Brogdon,64,CLE,,69,,,,,,,,,,M. Brogdon - brogdma01,defensive,,,,,,,,,,,,,,,
403864,/boxscores/201702270CLE.html,regular,Quicken Loans Arena Cleveland Ohio,February 27 2017,7:00 PM,CLE,3,181,MIL,Shooting foul by T. Thompson (drawn by M. Brogdon),64,CLE,,69,,,,,,,shooting,T. Thompson - thomptr01,M. Brogdon - brogdma01,,,,,,,,,,,,,,,,,
403865,/boxscores/201702270CLE.html,regular,Quicken Loans Arena Cleveland Ohio,February 27 2017,7:00 PM,CLE,3,181,MIL,M. Brogdon misses free throw 1 of 2,64,CLE,,69,,,,,,,,,,,,,,,M. Brogdon - brogdma01,miss,1 of 2,,,,,,,,,
403866,/boxscores/201702270CLE.html,regular,Quicken Loans Arena Cleveland Ohio,February 27 2017,7:00 PM,CLE,3,181,MIL,Offensive rebound by Team,64,CLE,,69,,,,,,,,,,Team,offensive,,,,,,,,,,,,,,,
403867,/boxscores/201702270CLE.html,regular,Quicken Loans Arena Cleveland Ohio,February 27 2017,7:00 PM,CLE,3,181,MIL,,64,CLE,D. Williams enters the game for L. James,69,,,,,,,,,,,,,,,,,,D. Williams - willide02,L. James - jamesle01,,,,,,,
403868,/boxscores/201702270CLE.html,regular,Quicken Loans Arena Cleveland Ohio,February 27 2017,7:00 PM,CLE,3,181,MIL,M. Brogdon makes free throw 2 of 2,65,CLE,,69,,,,,,,,,,,,,,,M. Brogdon - brogdma01,make,2 of 2,,,,,,,,,
403869,/boxscores/201702270CLE.html,regular,Quicken Loans Arena Cleveland Ohio,February 27 2017,7:00 PM,CLE,3,166,MIL,,65,CLE,K. Irving misses 2-pt jump shot from 14 ft,69,K. Irving - irvinky01,2-pt jump shot,miss,14.0,,,,,,,,,,,,,,,,,,,,,,
403870,/boxscores/201702270CLE.html,regular,Quicken Loans Arena Cleveland Ohio,February 27 2017,7:00 PM,CLE,3,166,MIL,Defensive rebound by G. Antetokounmpo,65,CLE,,69,,,,,,,,,,G. Antetokounmpo - antetgi01,defensive,,,,,,,,,,,,,,,
403871,/boxscores/201702270CLE.html,regular,Quicken Loans Arena Cleveland Ohio,February 27 2017,7:00 PM,CLE,3,155,MIL,M. Brogdon makes 3-pt jump shot from 24 ft (assist by G. Monroe),68,CLE,,69,M. Brogdon - brogdma01,3-pt jump shot,make,24.0,G. Monroe - monrogr01,,,,,,,,,,,,,,,,,,,,,
403872,/boxscores/201702270CLE.html,regular,Quicken Loans Arena Cleveland Ohio,February 27 2017,7:00 PM,CLE,3,132,MIL,,68,CLE,Shooting foul by G. Antetokounmpo (drawn by T. Thompson),69,,,,,,,shooting,G. Antetokounmpo - antetgi01,T. Thompson - thomptr01,,,,,,,,,,,,,,,,,
403873,/boxscores/201702270CLE.html,regular,Quicken Loans Arena Cleveland Ohio,February 27 2017,7:00 PM,CLE,3,132,MIL,,68,CLE,Cleveland full timeout,69,,,,,,,,,,,,,,CLE,,,,,,,,,,,,
403874,/boxscores/201702270CLE.html,regular,Quicken Loans Arena Cleveland Ohio,February 27 2017,7:00 PM,CLE,3,132,MIL,,68,CLE,T. Thompson makes free throw 1 of 2,70,,,,,,,,,,,,,,,T. Thompson - thomptr01,make,1 of 2,,,,,,,,,
403875,/boxscores/201702270CLE.html,regular,Quicken Loans Arena Cleveland Ohio,February 27 2017,7:00 PM,CLE,3,132,MIL,R. Vaughn enters the game for T. Snell,68,CLE,,69,,,,,,,,,,,,,,,,,,R. Vaughn - vaughra01,T. Snell - snellto01,,,,,,,
403876,/boxscores/201702270CLE.html,regular,Quicken Loans Arena Cleveland Ohio,February 27 2017,7:00 PM,CLE,3,132,MIL,,68,CLE,T. Thompson makes free throw 2 of 2,71,,,,,,,,,,,,,,,T. Thompson - thomptr01,make,2 of 2,,,,,,,,,
403877,/boxscores/201702270CLE.html,regular,Quicken Loans Arena Cleveland Ohio,February 27 2017,7:00 PM,CLE,3,113,MIL,J. Terry makes 3-pt jump shot from 25 ft (assist by G. Antetokounmpo),71,CLE,,71,J. Terry - terryja01,3-pt jump shot,make,25.0,G. Antetokounmpo - antetgi01,,,,,,,,,,,,,,,,,,,,,
403878,/boxscores/201702270CLE.html,regular,Quicken Loans Arena Cleveland Ohio,February 27 2017,7:00 PM,CLE,3,85,MIL,,71,CLE,K. Korver makes 3-pt jump shot from 26 ft (assist by K. Irving),74,K. Korver - korveky01,3-pt jump shot,make,26.0,K. Irving - irvinky01,,,,,,,,,,,,,,,,,,,,,
403879,/boxscores/201702270CLE.html,regular,Quicken Loans Arena Cleveland Ohio,February 27 2017,7:00 PM,CLE,3,60,MIL,G. Antetokounmpo misses 3-pt jump shot from 26 ft,71,CLE,,74,G. Antetokounmpo - antetgi01,3-pt jump shot,miss,26.0,,,,,,,,,,,,,,,,,,,,,,
403880,/boxscores/201702270CLE.html,regular,Quicken Loans Arena Cleveland Ohio,February 27 2017,7:00 PM,CLE,3,60,MIL,,71,CLE,Defensive rebound by D. Williams,74,,,,,,,,,,D. Williams - willide02,defensive,,,,,,,,,,,,,,,
403881,/boxscores/201702270CLE.html,regular,Quicken Loans Arena Cleveland Ohio,February 27 2017,7:00 PM,CLE,3,35,MIL,,71,CLE,Turnover by T. Thompson (bad pass),74,,,,,,,,,,,,,,,,,,,,T. Thompson - thomptr01,bad pass,,,,,
403882,/boxscores/201702270CLE.html,regular,Quicken Loans Arena Cleveland Ohio,February 27 2017,7:00 PM,CLE,3,29,MIL,M. Brogdon makes 2-pt layup from 2 ft,73,CLE,,74,M. Brogdon - brogdma01,2-pt layup,make,2.0,,,,,,,,,,,,,,,,,,,,,,
403883,/boxscores/201702270CLE.html,regular,Quicken Loans Arena Cleveland Ohio,February 27 2017,7:00 PM,CLE,3,7,MIL,,73,CLE,K. Irving misses 2-pt jump shot from 15 ft,74,K. Irving - irvinky01,2-pt jump shot,miss,15.0,,,,,,,,,,,,,,,,,,,,,,
403884,/boxscores/201702270CLE.html,regular,Quicken Loans Arena Cleveland Ohio,February 27 2017,7:00 PM,CLE,3,6,MIL,Defensive rebound by G. Antetokounmpo,73,CLE,,74,,,,,,,,,,G. Antetokounmpo - antetgi01,defensive,,,,,,,,,,,,,,,
403885,/boxscores/201702270CLE.html,regular,Quicken Loans Arena Cleveland Ohio,February 27 2017,7:00 PM,CLE,3,4,MIL,Turnover by G. Monroe (lost ball),73,CLE,,74,,,,,,,,,,,,,,,,,,,,G. Monroe - monrogr01,lost ball,,,,,
403886,/boxscores/201702270CLE.html,regular,Quicken Loans Arena Cleveland Ohio,February 27 2017,7:00 PM,CLE,3,3,MIL,,73,CLE,Personal foul by M. Brogdon (drawn by K. Irving),74,,,,,,,personal,M. Brogdon - brogdma01,K. Irving - irvinky01,,,,,,,,,,,,,,,,,
403887,/boxscores/201702270CLE.html,regular,Quicken Loans Arena Cleveland Ohio,February 27 2017,7:00 PM,CLE,3,0,MIL,,73,CLE,D. Williams makes 3-pt jump shot from 34 ft (assist by R. Jefferson),77,D. Williams - willide02,3-pt jump shot,make,34.0,R. Jefferson - jefferi01,,,,,,,,,,,,,,,,,,,,,
403888,/boxscores/201702270CLE.html,regular,Quicken Loans Arena Cleveland Ohio,February 27 2017,7:00 PM,CLE,3,0,MIL,End of 3rd quarter,73,CLE,,77,,,,,,,,,,,,,,,,,,,,,,,,,,
403889,/boxscores/201702270CLE.html,regular,Quicken Loans Arena Cleveland Ohio,February 27 2017,7:00 PM,CLE,4,705,MIL,Jump ball: C. Frye vs. R. Vaughn (L. James gains possession),73,CLE,,77,,,,,,,,,,,,,,,,,,,,,,,,C. Frye - fryech01,R. Vaughn - vaughra01,L. James - jamesle01
403890,/boxscores/201702270CLE.html,regular,Quicken Loans Arena Cleveland Ohio,February 27 2017,7:00 PM,CLE,4,700,MIL,,73,CLE,Personal foul by R. Vaughn (drawn by C. Frye),77,,,,,,,personal,R. Vaughn - vaughra01,C. Frye - fryech01,,,,,,,,,,,,,,,,,
403891,/boxscores/201702270CLE.html,regular,Quicken Loans Arena Cleveland Ohio,February 27 2017,7:00 PM,CLE,4,691,MIL,,73,CLE,K. Korver misses 3-pt jump shot from 30 ft,77,K. Korver - korveky01,3-pt jump shot,miss,30.0,,,,,,,,,,,,,,,,,,,,,,
403892,/boxscores/201702270CLE.html,regular,Quicken Loans Arena Cleveland Ohio,February 27 2017,7:00 PM,CLE,4,691,MIL,Defensive rebound by M. Dellavedova,73,CLE,,77,,,,,,,,,,M. Dellavedova - dellama01,defensive,,,,,,,,,,,,,,,
403893,/boxscores/201702270CLE.html,regular,Quicken Loans Arena Cleveland Ohio,February 27 2017,7:00 PM,CLE,4,680,MIL,M. Dellavedova makes 2-pt jump shot from 10 ft,75,CLE,,77,M. Dellavedova - dellama01,2-pt jump shot,make,10.0,,,,,,,,,,,,,,,,,,,,,,
403894,/boxscores/201702270CLE.html,regular,Quicken Loans Arena Cleveland Ohio,February 27 2017,7:00 PM,CLE,4,654,MIL,,75,CLE,Turnover by I. Shumpert (step out of bounds),77,,,,,,,,,,,,,,,,,,,,I. Shumpert - shumpim01,step out of bounds,,,,,
403895,/boxscores/201702270CLE.html,regular,Quicken Loans Arena Cleveland Ohio,February 27 2017,7:00 PM,CLE,4,638,MIL,R. Vaughn misses 3-pt jump shot from 28 ft,75,CLE,,77,R. Vaughn - vaughra01,3-pt jump shot,miss,28.0,,,,,,,,,,,,,,,,,,,,,,
403896,/boxscores/201702270CLE.html,regular,Quicken Loans Arena Cleveland Ohio,February 27 2017,7:00 PM,CLE,4,638,MIL,,75,CLE,Defensive rebound by K. Korver,77,,,,,,,,,,K. Korver - korveky01,defensive,,,,,,,,,,,,,,,
403897,/boxscores/201702270CLE.html,regular,Quicken Loans Arena Cleveland Ohio,February 27 2017,7:00 PM,CLE,4,620,MIL,,75,CLE,L. James makes 2-pt layup from 2 ft,79,L. James - jamesle01,2-pt layup,make,2.0,,,,,,,,,,,,,,,,,,,,,,
403898,/boxscores/201702270CLE.html,regular,Quicken Loans Arena Cleveland Ohio,February 27 2017,7:00 PM,CLE,4,608,MIL,G. Antetokounmpo makes 2-pt dunk at rim (assist by M. Dellavedova),77,CLE,,79,G. Antetokounmpo - antetgi01,2-pt dunk,make,0.0,M. Dellavedova - dellama01,,,,,,,,,,,,,,,,,,,,,
403899,/boxscores/201702270CLE.html,regular,Quicken Loans Arena Cleveland Ohio,February 27 2017,7:00 PM,CLE,4,579,MIL,,77,CLE,K. Korver makes 2-pt jump shot from 17 ft (assist by L. James),81,K. Korver - korveky01,2-pt jump shot,make,17.0,L. James - jamesle01,,,,,,,,,,,,,,,,,,,,,
403900,/boxscores/201702270CLE.html,regular,Quicken Loans Arena Cleveland Ohio,February 27 2017,7:00 PM,CLE,4,552,MIL,G. Antetokounmpo misses 2-pt jump shot from 6 ft,77,CLE,,81,G. Antetokounmpo - antetgi01,2-pt jump shot,miss,6.0,,,,,,,,,,,,,,,,,,,,,,
403901,/boxscores/201702270CLE.html,regular,Quicken Loans Arena Cleveland Ohio,February 27 2017,7:00 PM,CLE,4,549,MIL,Offensive rebound by J. Henson,77,CLE,,81,,,,,,,,,,J. Henson - hensojo01,offensive,,,,,,,,,,,,,,,
403902,/boxscores/201702270CLE.html,regular,Quicken Loans Arena Cleveland Ohio,February 27 2017,7:00 PM,CLE,4,549,MIL,J. Henson makes 2-pt layup from 1 ft,79,CLE,,81,J. Henson - hensojo01,2-pt layup,make,1.0,,,,,,,,,,,,,,,,,,,,,,
403903,/boxscores/201702270CLE.html,regular,Quicken Loans Arena Cleveland Ohio,February 27 2017,7:00 PM,CLE,4,531,MIL,,79,CLE,C. Frye misses 2-pt jump shot from 24 ft,81,C. Frye - fryech01,2-pt jump shot,miss,24.0,,,,,,,,,,,,,,,,,,,,,,
403904,/boxscores/201702270CLE.html,regular,Quicken Loans Arena Cleveland Ohio,February 27 2017,7:00 PM,CLE,4,530,MIL,Defensive rebound by R. Vaughn,79,CLE,,81,,,,,,,,,,R. Vaughn - vaughra01,defensive,,,,,,,,,,,,,,,
403905,/boxscores/201702270CLE.html,regular,Quicken Loans Arena Cleveland Ohio,February 27 2017,7:00 PM,CLE,4,520,MIL,M. Dellavedova misses 3-pt jump shot from 26 ft,79,CLE,,81,M. Dellavedova - dellama01,3-pt jump shot,miss,26.0,,,,,,,,,,,,,,,,,,,,,,
403906,/boxscores/201702270CLE.html,regular,Quicken Loans Arena Cleveland Ohio,February 27 2017,7:00 PM,CLE,4,519,MIL,Offensive rebound by Team,79,CLE,,81,,,,,,,,,,Team,offensive,,,,,,,,,,,,,,,
403907,/boxscores/201702270CLE.html,regular,Quicken Loans Arena Cleveland Ohio,February 27 2017,7:00 PM,CLE,4,517,MIL,Official timeout,79,CLE,,81,,,,,,,,,,,,,,MIL,,,,,,,,,,,,
403908,/boxscores/201702270CLE.html,regular,Quicken Loans Arena Cleveland Ohio,February 27 2017,7:00 PM,CLE,4,517,MIL,M. Brogdon enters the game for J. Terry,79,CLE,,81,,,,,,,,,,,,,,,,,,M. Brogdon - brogdma01,J. Terry - terryja01,,,,,,,
403909,/boxscores/201702270CLE.html,regular,Quicken Loans Arena Cleveland Ohio,February 27 2017,7:00 PM,CLE,4,508,MIL,Turnover by M. Brogdon (bad pass),79,CLE,,81,,,,,,,,,,,,,,,,,,,,M. Brogdon - brogdma01,bad pass,,,,,
403910,/boxscores/201702270CLE.html,regular,Quicken Loans Arena Cleveland Ohio,February 27 2017,7:00 PM,CLE,4,496,MIL,,79,CLE,D. Williams makes 2-pt dunk at rim (assist by L. James),83,D. Williams - willide02,2-pt dunk,make,0.0,L. James - jamesle01,,,,,,,,,,,,,,,,,,,,,
403911,/boxscores/201702270CLE.html,regular,Quicken Loans Arena Cleveland Ohio,February 27 2017,7:00 PM,CLE,4,473,MIL,J. Henson makes 2-pt hook shot from 4 ft (assist by R. Vaughn),81,CLE,,83,J. Henson - hensojo01,2-pt hook shot,make,4.0,R. Vaughn - vaughra01,,,,,,,,,,,,,,,,,,,,,
403912,/boxscores/201702270CLE.html,regular,Quicken Loans Arena Cleveland Ohio,February 27 2017,7:00 PM,CLE,4,446,MIL,,81,CLE,I. Shumpert makes 3-pt jump shot from 24 ft (assist by C. Frye),86,I. Shumpert - shumpim01,3-pt jump shot,make,24.0,C. Frye - fryech01,,,,,,,,,,,,,,,,,,,,,
403913,/boxscores/201702270CLE.html,regular,Quicken Loans Arena Cleveland Ohio,February 27 2017,7:00 PM,CLE,4,425,MIL,J. Henson misses 2-pt jump shot from 17 ft,81,CLE,,86,J. Henson - hensojo01,2-pt jump shot,miss,17.0,,,,,,,,,,,,,,,,,,,,,,
403914,/boxscores/201702270CLE.html,regular,Quicken Loans Arena Cleveland Ohio,February 27 2017,7:00 PM,CLE,4,425,MIL,,81,CLE,Defensive rebound by D. Williams,86,,,,,,,,,,D. Williams - willide02,defensive,,,,,,,,,,,,,,,
403915,/boxscores/201702270CLE.html,regular,Quicken Loans Arena Cleveland Ohio,February 27 2017,7:00 PM,CLE,4,411,MIL,,81,CLE,Turnover by L. James (lost ball),86,,,,,,,,,,,,,,,,,,,,L. James - jamesle01,lost ball,,,,,
403916,/boxscores/201702270CLE.html,regular,Quicken Loans Arena Cleveland Ohio,February 27 2017,7:00 PM,CLE,4,389,MIL,J. Henson misses 2-pt layup from 1 ft,81,CLE,,86,J. Henson - hensojo01,2-pt layup,miss,1.0,,,,,,,,,,,,,,,,,,,,,,
403917,/boxscores/201702270CLE.html,regular,Quicken Loans Arena Cleveland Ohio,February 27 2017,7:00 PM,CLE,4,389,MIL,Offensive rebound by J. Henson,81,CLE,,86,,,,,,,,,,J. Henson - hensojo01,offensive,,,,,,,,,,,,,,,
403918,/boxscores/201702270CLE.html,regular,Quicken Loans Arena Cleveland Ohio,February 27 2017,7:00 PM,CLE,4,377,MIL,J. Henson makes 2-pt hook shot from 8 ft (assist by M. Brogdon),83,CLE,,86,J. Henson - hensojo01,2-pt hook shot,make,8.0,M. Brogdon - brogdma01,,,,,,,,,,,,,,,,,,,,,
403919,/boxscores/201702270CLE.html,regular,Quicken Loans Arena Cleveland Ohio,February 27 2017,7:00 PM,CLE,4,353,MIL,,83,CLE,D. Williams misses 3-pt jump shot from 24 ft,86,D. Williams - willide02,3-pt jump shot,miss,24.0,,,,,,,,,,,,,,,,,,,,,,
403920,/boxscores/201702270CLE.html,regular,Quicken Loans Arena Cleveland Ohio,February 27 2017,7:00 PM,CLE,4,353,MIL,Defensive rebound by J. Henson,83,CLE,,86,,,,,,,,,,J. Henson - hensojo01,defensive,,,,,,,,,,,,,,,
403921,/boxscores/201702270CLE.html,regular,Quicken Loans Arena Cleveland Ohio,February 27 2017,7:00 PM,CLE,4,338,MIL,R. Vaughn misses 2-pt layup from 1 ft,83,CLE,,86,R. Vaughn - vaughra01,2-pt layup,miss,1.0,,,,,,,,,,,,,,,,,,,,,,
403922,/boxscores/201702270CLE.html,regular,Quicken Loans Arena Cleveland Ohio,February 27 2017,7:00 PM,CLE,4,338,MIL,,83,CLE,Defensive rebound by Team,86,,,,,,,,,,Team,defensive,,,,,,,,,,,,,,,
403923,/boxscores/201702270CLE.html,regular,Quicken Loans Arena Cleveland Ohio,February 27 2017,7:00 PM,CLE,4,338,MIL,Loose ball foul by J. Henson (drawn by C. Frye),83,CLE,,86,,,,,,,loose ball,J. Henson - hensojo01,C. Frye - fryech01,,,,,,,,,,,,,,,,,
403924,/boxscores/201702270CLE.html,regular,Quicken Loans Arena Cleveland Ohio,February 27 2017,7:00 PM,CLE,4,338,MIL,,83,CLE,Cleveland full timeout,86,,,,,,,,,,,,,,CLE,,,,,,,,,,,,
403925,/boxscores/201702270CLE.html,regular,Quicken Loans Arena Cleveland Ohio,February 27 2017,7:00 PM,CLE,4,338,MIL,,83,CLE,K. Irving enters the game for I. Shumpert,86,,,,,,,,,,,,,,,,,,K. Irving - irvinky01,I. Shumpert - shumpim01,,,,,,,
403926,/boxscores/201702270CLE.html,regular,Quicken Loans Arena Cleveland Ohio,February 27 2017,7:00 PM,CLE,4,338,MIL,T. Snell enters the game for R. Vaughn,83,CLE,,86,,,,,,,,,,,,,,,,,,T. Snell - snellto01,R. Vaughn - vaughra01,,,,,,,
403927,/boxscores/201702270CLE.html,regular,Quicken Loans Arena Cleveland Ohio,February 27 2017,7:00 PM,CLE,4,324,MIL,,83,CLE,K. Korver misses 3-pt jump shot from 25 ft,86,K. Korver - korveky01,3-pt jump shot,miss,25.0,,,,,,,,,,,,,,,,,,,,,,
403928,/boxscores/201702270CLE.html,regular,Quicken Loans Arena Cleveland Ohio,February 27 2017,7:00 PM,CLE,4,324,MIL,Defensive rebound by M. Brogdon,83,CLE,,86,,,,,,,,,,M. Brogdon - brogdma01,defensive,,,,,,,,,,,,,,,
403929,/boxscores/201702270CLE.html,regular,Quicken Loans Arena Cleveland Ohio,February 27 2017,7:00 PM,CLE,4,311,MIL,M. Dellavedova makes 2-pt jump shot from 6 ft (assist by G. Antetokounmpo),85,CLE,,86,M. Dellavedova - dellama01,2-pt jump shot,make,6.0,G. Antetokounmpo - antetgi01,,,,,,,,,,,,,,,,,,,,,
403930,/boxscores/201702270CLE.html,regular,Quicken Loans Arena Cleveland Ohio,February 27 2017,7:00 PM,CLE,4,287,MIL,,85,CLE,L. James makes 2-pt dunk at rim,88,L. James - jamesle01,2-pt dunk,make,0.0,,,,,,,,,,,,,,,,,,,,,,
403931,/boxscores/201702270CLE.html,regular,Quicken Loans Arena Cleveland Ohio,February 27 2017,7:00 PM,CLE,4,287,MIL,,85,CLE,Shooting foul by J. Henson (drawn by L. James),88,,,,,,,shooting,J. Henson - hensojo01,L. James - jamesle01,,,,,,,,,,,,,,,,,
403932,/boxscores/201702270CLE.html,regular,Quicken Loans Arena Cleveland Ohio,February 27 2017,7:00 PM,CLE,4,287,MIL,,85,CLE,T. Thompson enters the game for C. Frye,88,,,,,,,,,,,,,,,,,,T. Thompson - thomptr01,C. Frye - fryech01,,,,,,,
403933,/boxscores/201702270CLE.html,regular,Quicken Loans Arena Cleveland Ohio,February 27 2017,7:00 PM,CLE,4,287,MIL,,85,CLE,L. James makes free throw 1 of 1,89,,,,,,,,,,,,,,,L. James - jamesle01,make,1 of 1,,,,,,,,,
403934,/boxscores/201702270CLE.html,regular,Quicken Loans Arena Cleveland Ohio,February 27 2017,7:00 PM,CLE,4,263,MIL,Shooting foul by K. Korver (drawn by G. Antetokounmpo),85,CLE,,89,,,,,,,shooting,K. Korver - korveky01,G. Antetokounmpo - antetgi01,,,,,,,,,,,,,,,,,
403935,/boxscores/201702270CLE.html,regular,Quicken Loans Arena Cleveland Ohio,February 27 2017,7:00 PM,CLE,4,263,MIL,G. Antetokounmpo misses free throw 1 of 2,85,CLE,,89,,,,,,,,,,,,,,,G. Antetokounmpo - antetgi01,miss,1 of 2,,,,,,,,,
403936,/boxscores/201702270CLE.html,regular,Quicken Loans Arena Cleveland Ohio,February 27 2017,7:00 PM,CLE,4,263,MIL,Offensive rebound by Team,85,CLE,,89,,,,,,,,,,Team,offensive,,,,,,,,,,,,,,,
403937,/boxscores/201702270CLE.html,regular,Quicken Loans Arena Cleveland Ohio,February 27 2017,7:00 PM,CLE,4,263,MIL,G. Antetokounmpo misses free throw 2 of 2,85,CLE,,89,,,,,,,,,,,,,,,G. Antetokounmpo - antetgi01,miss,2 of 2,,,,,,,,,
403938,/boxscores/201702270CLE.html,regular,Quicken Loans Arena Cleveland Ohio,February 27 2017,7:00 PM,CLE,4,262,MIL,,85,CLE,Defensive rebound by L. James,89,,,,,,,,,,L. James - jamesle01,defensive,,,,,,,,,,,,,,,
403939,/boxscores/201702270CLE.html,regular,Quicken Loans Arena Cleveland Ohio,February 27 2017,7:00 PM,CLE,4,244,MIL,,85,CLE,K. Irving makes 2-pt jump shot from 10 ft,91,K. Irving - irvinky01,2-pt jump shot,make,10.0,,,,,,,,,,,,,,,,,,,,,,
403940,/boxscores/201702270CLE.html,regular,Quicken Loans Arena Cleveland Ohio,February 27 2017,7:00 PM,CLE,4,228,MIL,M. Brogdon misses 2-pt layup from 3 ft (block by T. Thompson),85,CLE,,91,M. Brogdon - brogdma01,2-pt layup,miss,3.0,,T. Thompson - thomptr01,,,,,,,,,,,,,,,,,,,,
403941,/boxscores/201702270CLE.html,regular,Quicken Loans Arena Cleveland Ohio,February 27 2017,7:00 PM,CLE,4,226,MIL,,85,CLE,Defensive rebound by T. Thompson,91,,,,,,,,,,T. Thompson - thomptr01,defensive,,,,,,,,,,,,,,,
403942,/boxscores/201702270CLE.html,regular,Quicken Loans Arena Cleveland Ohio,February 27 2017,7:00 PM,CLE,4,218,MIL,,85,CLE,K. Irving makes 3-pt jump shot from 24 ft,94,K. Irving - irvinky01,3-pt jump shot,make,24.0,,,,,,,,,,,,,,,,,,,,,,
403943,/boxscores/201702270CLE.html,regular,Quicken Loans Arena Cleveland Ohio,February 27 2017,7:00 PM,CLE,4,216,MIL,Milwaukee full timeout,85,CLE,,94,,,,,,,,,,,,,,MIL,,,,,,,,,,,,
403944,/boxscores/201702270CLE.html,regular,Quicken Loans Arena Cleveland Ohio,February 27 2017,7:00 PM,CLE,4,216,MIL,G. Monroe enters the game for J. Henson,85,CLE,,94,,,,,,,,,,,,,,,,,,G. Monroe - monrogr01,J. Henson - hensojo01,,,,,,,
403945,/boxscores/201702270CLE.html,regular,Quicken Loans Arena Cleveland Ohio,February 27 2017,7:00 PM,CLE,4,201,MIL,T. Snell misses 3-pt jump shot from 25 ft,85,CLE,,94,T. Snell - snellto01,3-pt jump shot,miss,25.0,,,,,,,,,,,,,,,,,,,,,,
403946,/boxscores/201702270CLE.html,regular,Quicken Loans Arena Cleveland Ohio,February 27 2017,7:00 PM,CLE,4,200,MIL,,85,CLE,Defensive rebound by D. Williams,94,,,,,,,,,,D. Williams - willide02,defensive,,,,,,,,,,,,,,,
403947,/boxscores/201702270CLE.html,regular,Quicken Loans Arena Cleveland Ohio,February 27 2017,7:00 PM,CLE,4,179,MIL,,85,CLE,L. James misses 2-pt jump shot from 16 ft,94,L. James - jamesle01,2-pt jump shot,miss,16.0,,,,,,,,,,,,,,,,,,,,,,
403948,/boxscores/201702270CLE.html,regular,Quicken Loans Arena Cleveland Ohio,February 27 2017,7:00 PM,CLE,4,178,MIL,,85,CLE,Offensive rebound by T. Thompson,94,,,,,,,,,,T. Thompson - thomptr01,offensive,,,,,,,,,,,,,,,
403949,/boxscores/201702270CLE.html,regular,Quicken Loans Arena Cleveland Ohio,February 27 2017,7:00 PM,CLE,4,178,MIL,,85,CLE,Personal foul by G. Monroe (drawn by T. Thompson),94,,,,,,,personal,G. Monroe - monrogr01,T. Thompson - thomptr01,,,,,,,,,,,,,,,,,
403950,/boxscores/201702270CLE.html,regular,Quicken Loans Arena Cleveland Ohio,February 27 2017,7:00 PM,CLE,4,158,MIL,,85,CLE,D. Williams makes 3-pt jump shot from 23 ft (assist by K. Irving),97,D. Williams - willide02,3-pt jump shot,make,23.0,K. Irving - irvinky01,,,,,,,,,,,,,,,,,,,,,
403951,/boxscores/201702270CLE.html,regular,Quicken Loans Arena Cleveland Ohio,February 27 2017,7:00 PM,CLE,4,147,MIL,Shooting foul by K. Korver (drawn by G. Monroe),85,CLE,,97,,,,,,,shooting,K. Korver - korveky01,G. Monroe - monrogr01,,,,,,,,,,,,,,,,,
403952,/boxscores/201702270CLE.html,regular,Quicken Loans Arena Cleveland Ohio,February 27 2017,7:00 PM,CLE,4,147,MIL,G. Monroe makes free throw 1 of 2,86,CLE,,97,,,,,,,,,,,,,,,G. Monroe - monrogr01,make,1 of 2,,,,,,,,,
403953,/boxscores/201702270CLE.html,regular,Quicken Loans Arena Cleveland Ohio,February 27 2017,7:00 PM,CLE,4,147,MIL,G. Monroe misses free throw 2 of 2,86,CLE,,97,,,,,,,,,,,,,,,G. Monroe - monrogr01,miss,2 of 2,,,,,,,,,
403954,/boxscores/201702270CLE.html,regular,Quicken Loans Arena Cleveland Ohio,February 27 2017,7:00 PM,CLE,4,146,MIL,,86,CLE,Defensive rebound by L. James,97,,,,,,,,,,L. James - jamesle01,defensive,,,,,,,,,,,,,,,
403955,/boxscores/201702270CLE.html,regular,Quicken Loans Arena Cleveland Ohio,February 27 2017,7:00 PM,CLE,4,127,MIL,,86,CLE,K. Irving misses 2-pt layup from 3 ft,97,K. Irving - irvinky01,2-pt layup,miss,3.0,,,,,,,,,,,,,,,,,,,,,,
403956,/boxscores/201702270CLE.html,regular,Quicken Loans Arena Cleveland Ohio,February 27 2017,7:00 PM,CLE,4,127,MIL,Defensive rebound by Team,86,CLE,,97,,,,,,,,,,Team,defensive,,,,,,,,,,,,,,,
403957,/boxscores/201702270CLE.html,regular,Quicken Loans Arena Cleveland Ohio,February 27 2017,7:00 PM,CLE,4,115,MIL,M. Brogdon makes 2-pt layup at rim (assist by G. Antetokounmpo),88,CLE,,97,M. Brogdon - brogdma01,2-pt layup,make,0.0,G. Antetokounmpo - antetgi01,,,,,,,,,,,,,,,,,,,,,
403958,/boxscores/201702270CLE.html,regular,Quicken Loans Arena Cleveland Ohio,February 27 2017,7:00 PM,CLE,4,95,MIL,,88,CLE,Shooting foul by G. Antetokounmpo (drawn by L. James),97,,,,,,,shooting,G. Antetokounmpo - antetgi01,L. James - jamesle01,,,,,,,,,,,,,,,,,
403959,/boxscores/201702270CLE.html,regular,Quicken Loans Arena Cleveland Ohio,February 27 2017,7:00 PM,CLE,4,95,MIL,,88,CLE,L. James makes free throw 1 of 2,98,,,,,,,,,,,,,,,L. James - jamesle01,make,1 of 2,,,,,,,,,
403960,/boxscores/201702270CLE.html,regular,Quicken Loans Arena Cleveland Ohio,February 27 2017,7:00 PM,CLE,4,95,MIL,,88,CLE,L. James makes free throw 2 of 2,99,,,,,,,,,,,,,,,L. James - jamesle01,make,2 of 2,,,,,,,,,
403961,/boxscores/201702270CLE.html,regular,Quicken Loans Arena Cleveland Ohio,February 27 2017,7:00 PM,CLE,4,87,MIL,M. Brogdon misses 3-pt jump shot from 25 ft,88,CLE,,99,M. Brogdon - brogdma01,3-pt jump shot,miss,25.0,,,,,,,,,,,,,,,,,,,,,,
403962,/boxscores/201702270CLE.html,regular,Quicken Loans Arena Cleveland Ohio,February 27 2017,7:00 PM,CLE,4,86,MIL,Offensive rebound by Team,88,CLE,,99,,,,,,,,,,Team,offensive,,,,,,,,,,,,,,,
403963,/boxscores/201702270CLE.html,regular,Quicken Loans Arena Cleveland Ohio,February 27 2017,7:00 PM,CLE,4,77,MIL,Shooting foul by D. Williams (drawn by G. Monroe),88,CLE,,99,,,,,,,shooting,D. Williams - willide02,G. Monroe - monrogr01,,,,,,,,,,,,,,,,,
403964,/boxscores/201702270CLE.html,regular,Quicken Loans Arena Cleveland Ohio,February 27 2017,7:00 PM,CLE,4,77,MIL,G. Monroe makes free throw 1 of 2,89,CLE,,99,,,,,,,,,,,,,,,G. Monroe - monrogr01,make,1 of 2,,,,,,,,,
403965,/boxscores/201702270CLE.html,regular,Quicken Loans Arena Cleveland Ohio,February 27 2017,7:00 PM,CLE,4,77,MIL,G. Monroe makes free throw 2 of 2,90,CLE,,99,,,,,,,,,,,,,,,G. Monroe - monrogr01,make,2 of 2,,,,,,,,,
403966,/boxscores/201702270CLE.html,regular,Quicken Loans Arena Cleveland Ohio,February 27 2017,7:00 PM,CLE,4,59,MIL,,90,CLE,L. James misses 3-pt jump shot from 27 ft,99,L. James - jamesle01,3-pt jump shot,miss,27.0,,,,,,,,,,,,,,,,,,,,,,
403967,/boxscores/201702270CLE.html,regular,Quicken Loans Arena Cleveland Ohio,February 27 2017,7:00 PM,CLE,4,59,MIL,Defensive rebound by G. Monroe,90,CLE,,99,,,,,,,,,,G. Monroe - monrogr01,defensive,,,,,,,,,,,,,,,
403968,/boxscores/201702270CLE.html,regular,Quicken Loans Arena Cleveland Ohio,February 27 2017,7:00 PM,CLE,4,49,MIL,G. Monroe makes 2-pt layup from 2 ft (assist by M. Dellavedova),92,CLE,,99,G. Monroe - monrogr01,2-pt layup,make,2.0,M. Dellavedova - dellama01,,,,,,,,,,,,,,,,,,,,,
403969,/boxscores/201702270CLE.html,regular,Quicken Loans Arena Cleveland Ohio,February 27 2017,7:00 PM,CLE,4,32,MIL,,92,CLE,K. Irving misses 2-pt jump shot from 8 ft,99,K. Irving - irvinky01,2-pt jump shot,miss,8.0,,,,,,,,,,,,,,,,,,,,,,
403970,/boxscores/201702270CLE.html,regular,Quicken Loans Arena Cleveland Ohio,February 27 2017,7:00 PM,CLE,4,30,MIL,Defensive rebound by M. Dellavedova,92,CLE,,99,,,,,,,,,,M. Dellavedova - dellama01,defensive,,,,,,,,,,,,,,,
403971,/boxscores/201702270CLE.html,regular,Quicken Loans Arena Cleveland Ohio,February 27 2017,7:00 PM,CLE,4,26,MIL,G. Antetokounmpo misses 3-pt jump shot from 26 ft,92,CLE,,99,G. Antetokounmpo - antetgi01,3-pt jump shot,miss,26.0,,,,,,,,,,,,,,,,,,,,,,
403972,/boxscores/201702270CLE.html,regular,Quicken Loans Arena Cleveland Ohio,February 27 2017,7:00 PM,CLE,4,25,MIL,,92,CLE,Defensive rebound by L. James,99,,,,,,,,,,L. James - jamesle01,defensive,,,,,,,,,,,,,,,
403973,/boxscores/201702270CLE.html,regular,Quicken Loans Arena Cleveland Ohio,February 27 2017,7:00 PM,CLE,4,24,MIL,,92,CLE,Personal foul by G. Antetokounmpo (drawn by L. James),99,,,,,,,personal,G. Antetokounmpo - antetgi01,L. James - jamesle01,,,,,,,,,,,,,,,,,
403974,/boxscores/201702270CLE.html,regular,Quicken Loans Arena Cleveland Ohio,February 27 2017,7:00 PM,CLE,4,24,MIL,,92,CLE,L. James misses free throw 1 of 2,99,,,,,,,,,,,,,,,L. James - jamesle01,miss,1 of 2,,,,,,,,,
403975,/boxscores/201702270CLE.html,regular,Quicken Loans Arena Cleveland Ohio,February 27 2017,7:00 PM,CLE,4,24,MIL,,92,CLE,Offensive rebound by Team,99,,,,,,,,,,Team,offensive,,,,,,,,,,,,,,,
403976,/boxscores/201702270CLE.html,regular,Quicken Loans Arena Cleveland Ohio,February 27 2017,7:00 PM,CLE,4,24,MIL,,92,CLE,L. James makes free throw 2 of 2,100,,,,,,,,,,,,,,,L. James - jamesle01,make,2 of 2,,,,,,,,,
403977,/boxscores/201702270CLE.html,regular,Quicken Loans Arena Cleveland Ohio,February 27 2017,7:00 PM,CLE,4,17,MIL,M. Brogdon makes 3-pt jump shot from 24 ft (assist by M. Dellavedova),95,CLE,,100,M. Brogdon - brogdma01,3-pt jump shot,make,24.0,M. Dellavedova - dellama01,,,,,,,,,,,,,,,,,,,,,
403978,/boxscores/201702270CLE.html,regular,Quicken Loans Arena Cleveland Ohio,February 27 2017,7:00 PM,CLE,4,16,MIL,,95,CLE,Personal foul by T. Snell (drawn by K. Irving),100,,,,,,,personal,T. Snell - snellto01,K. Irving - irvinky01,,,,,,,,,,,,,,,,,
403979,/boxscores/201702270CLE.html,regular,Quicken Loans Arena Cleveland Ohio,February 27 2017,7:00 PM,CLE,4,16,MIL,,95,CLE,K. Irving makes free throw 1 of 2,101,,,,,,,,,,,,,,,K. Irving - irvinky01,make,1 of 2,,,,,,,,,
403980,/boxscores/201702270CLE.html,regular,Quicken Loans Arena Cleveland Ohio,February 27 2017,7:00 PM,CLE,4,16,MIL,,95,CLE,K. Irving makes free throw 2 of 2,102,,,,,,,,,,,,,,,K. Irving - irvinky01,make,2 of 2,,,,,,,,,
403981,/boxscores/201702270CLE.html,regular,Quicken Loans Arena Cleveland Ohio,February 27 2017,7:00 PM,CLE,4,9,MIL,M. Brogdon misses 2-pt jump shot from 23 ft,95,CLE,,102,M. Brogdon - brogdma01,2-pt jump shot,miss,23.0,,,,,,,,,,,,,,,,,,,,,,
403982,/boxscores/201702270CLE.html,regular,Quicken Loans Arena Cleveland Ohio,February 27 2017,7:00 PM,CLE,4,8,MIL,,95,CLE,Defensive rebound by K. Irving,102,,,,,,,,,,K. Irving - irvinky01,defensive,,,,,,,,,,,,,,,
403983,/boxscores/201702270CLE.html,regular,Quicken Loans Arena Cleveland Ohio,February 27 2017,7:00 PM,CLE,4,0,MIL,End of 4th quarter,95,CLE,,102,,,,,,,,,,,,,,,,,,,,,,,,,,
403984,/boxscores/201702270CLE.html,regular,Quicken Loans Arena Cleveland Ohio,February 27 2017,7:00 PM,CLE,4,0,MIL,End of Game,95,CLE,,102,,,,,,,,,,,,,,,,,,,,,,,,,,
